Workbook

Sheet N2O
O1: DATA INPUT | S1: DATA CHECK
A2: SOLUBILITY & SATURATION OF N2O IN GF2024 | G2: Campaign | H2: Station_CTD | I2: Station-ID at sea | J2: Stationfor MS | K2: Date | L2: Depth | M2: Comment | N2: Sample ID | O2: Temperature | P2: Salinity | Q2: N2O conc water measured | R2: Temperature | S2: N2O conc atmosphere | T2: Pressure atmosphere | U2: Solubility Constant (F) | V2: Solubility N2O seawater | W2: N2O Saturation
L3: m | O3: °C | Q3: nmol/L | R3: K | S3: ppb | T3: atm | U3: mol/L atm | V3: nmol/L | W3: %
A4: Constantes
G7: Greenfjord 2024 | H7: 1 | L7: 9.81 | O7: 0.392 | P7: 29.1163 | R7: =273.15+O7 -> 273.542 | S7: 336.66 | T7: 1 | U7: =EXP($C$12+($C$13*(100/R7))+($C$14*LN(R7/100))+($C$15*(R7/100)^2)+(P7*($C$16+($C$17*(R7/100))+($C$18*(R7/100)^2)))) -> 0.048484184 | V7: =S7*T7*U7 -> 16.322686
B8: Weiss and Price (1980) | H8: 1 | L8: 19.87 | O8: 0.5155 | P8: 30.441 | R8: =273.15+O8 -> 273.6655 | S8: =S7 -> 336.66 | T8: =T7 -> 1 | U8: =EXP($C$12+($C$13*(100/R8))+($C$14*LN(R8/100))+($C$15*(R8/100)^2)+(P8*($C$16+($C$17*(R8/100))+($C$18*(R8/100)^2)))) -> 0.04785746 | V8: =S8*T8*U8 -> 16.111692
B9: N2O | H9: 1 | L9: 279.94 | O9: 3.9495 | P9: 34.5434 | R9: =273.15+O9 -> 277.0995 | S9: =S8 -> 336.66 | T9: =T8 -> 1 | U9: =EXP($C$12+($C$13*(100/R9))+($C$14*LN(R9/100))+($C$15*(R9/100)^2)+(P9*($C$16+($C$17*(R9/100))+($C$18*(R9/100)^2)))) -> 0.040758982 | V9: =S9*T9*U9 -> 13.721919
B10: F | C10: F | D10: K0 | E10: K0 | H10: 1 | L10: 2.88 | O10: 3.7643 | P10: 22.9 | Q10: 15.226273 | R10: =273.15+O10 -> 276.9143 | S10: =S9 -> 336.66 | T10: =T9 -> 1 | U10: =EXP($C$12+($C$13*(100/R10))+($C$14*LN(R10/100))+($C$15*(R10/100)^2)+(P10*($C$16+($C$17*(R10/100))+($C$18*(R10/100)^2)))) -> 0.043943481 | V10: =S10*T10*U10 -> 14.794012 | W10: =(Q10/V10)*100 -> 102.92187
B11: mol/kg atm | C11: mol/L atm | D11: mol/kg atm | E11: mol/L atm | H11: 1 | L11: 45.17 | O11: 0.9587 | P11: 31.8636 | Q11: 15.40595 | R11: =273.15+O11 -> 274.1087 | S11: =S10 -> 336.66 | T11: =T10 -> 1 | U11: =EXP($C$12+($C$13*(100/R11))+($C$14*LN(R11/100))+($C$15*(R11/100)^2)+(P11*($C$16+($C$17*(R11/100))+($C$18*(R11/100)^2)))) -> 0.046603976 | V11: =S11*T11*U11 -> 15.689694 | W11: =(Q11/V11)*100 -> 98.191521
A12: A1 | B12: -168.2459 | C12: -165.8806 | E12: -62.7062 | H12: 1 | L12: 45.17 | O12: 0.9587 | P12: 31.8636 | Q12: 15.40595 | R12: =273.15+O12 -> 274.1087 | S12: =S11 -> 336.66 | T12: =T11 -> 1 | U12: =EXP($C$12+($C$13*(100/R12))+($C$14*LN(R12/100))+($C$15*(R12/100)^2)+(P12*($C$16+($C$17*(R12/100))+($C$18*(R12/100)^2)))) -> 0.046603976 | V12: =S12*T12*U12 -> 15.689694 | W12: =(Q12/V12)*100 -> 98.191521
A13: A2 | B13: 226.0894 | C13: 222.8743 | E13: 97.3066 | H13: 1 | L13: 6.2 | O13: 0.6024 | P13: 28.1334 | Q13: 14.556584 | R13: =273.15+O13 -> 273.7524 | S13: =S12 -> 336.66 | T13: =T12 -> 1 | U13: =EXP($C$12+($C$13*(100/R13))+($C$14*LN(R13/100))+($C$15*(R13/100)^2)+(P13*($C$16+($C$17*(R13/100))+($C$18*(R13/100)^2)))) -> 0.048353259 | V13: =S13*T13*U13 -> 16.278608 | W13: =(Q13/V13)*100 -> 89.421553
A14: A3 | B14: 93.2817 | C14: 92.0792 | E14: 24.1406 | H14: 1 | L14: 309.6 | O14: 4.0235 | P14: 34.6025 | Q14: 12.751119 | R14: =273.15+O14 -> 277.1735 | S14: =S13 -> 336.66 | T14: =T13 -> 1 | U14: =EXP($C$12+($C$13*(100/R14))+($C$14*LN(R14/100))+($C$15*(R14/100)^2)+(P14*($C$16+($C$17*(R14/100))+($C$18*(R14/100)^2)))) -> 0.040628841 | V14: =S14*T14*U14 -> 13.678106 | W14: =(Q14/V14)*100 -> 93.222842
A15: A4 | B15: sz | C15: -1.48425 | H15: 1 | L15: 85.13 | O15: 0.0905 | P15: 32.5198 | Q15: 14.903735 | R15: =273.15+O15 -> 273.2405 | S15: =S14 -> 336.66 | T15: =T14 -> 1 | U15: =EXP($C$12+($C$13*(100/R15))+($C$14*LN(R15/100))+($C$15*(R15/100)^2)+(P15*($C$16+($C$17*(R15/100))+($C$18*(R15/100)^2)))) -> 0.048091085 | V15: =S15*T15*U15 -> 16.190345 | W15: =(Q15/V15)*100 -> 92.053229
A16: B1 | B16: -0.060361 | C16: -0.056235 | E16: -0.05842 | H16: 2 | L16: 15.13 | O16: 0.355 | P16: 29.8899 | Q16: 15.906762 | R16: =273.15+O16 -> 273.505 | S16: =S15 -> 336.66 | T16: =T15 -> 1 | U16: =EXP($C$12+($C$13*(100/R16))+($C$14*LN(R16/100))+($C$15*(R16/100)^2)+(P16*($C$16+($C$17*(R16/100))+($C$18*(R16/100)^2)))) -> 0.048332314 | V16: =S16*T16*U16 -> 16.271557 | W16: =(Q16/V16)*100 -> 97.758083
A17: B2 | B17: 0.033765 | C17: 0.031619 | E17: 0.033193 | H17: 2 | L17: 1.93 | O17: 2.2101 | P17: 20.6037 | R17: =273.15+O17 -> 275.3601 | S17: =S16 -> 336.66 | T17: =T16 -> 1 | U17: =EXP($C$12+($C$13*(100/R17))+($C$14*LN(R17/100))+($C$15*(R17/100)^2)+(P17*($C$16+($C$17*(R17/100))+($C$18*(R17/100)^2)))) -> 0.047379851 | V17: =S17*T17*U17 -> 15.950901
A18: B3 | B18: -0.0051862 | C18: -0.0048472 | E18: -0.0051313 | H18: 2 | L18: 300.38 | O18: 3.9741 | P18: 34.5762 | Q18: 14.924365 | R18: =273.15+O18 -> 277.1241 | S18: =S17 -> 336.66 | T18: =T17 -> 1 | U18: =EXP($C$12+($C$13*(100/R18))+($C$14*LN(R18/100))+($C$15*(R18/100)^2)+(P18*($C$16+($C$17*(R18/100))+($C$18*(R18/100)^2)))) -> 0.040712531 | V18: =S18*T18*U18 -> 13.706281 | W18: =(Q18/V18)*100 -> 108.88705
H19: 2 | L19: 39.92 | O19: 1.3149 | P19: 31.7768 | R19: =273.15+O19 -> 274.4649 | S19: =S18 -> 336.66 | T19: =T18 -> 1 | U19: =EXP($C$12+($C$13*(100/R19))+($C$14*LN(R19/100))+($C$15*(R19/100)^2)+(P19*($C$16+($C$17*(R19/100))+($C$18*(R19/100)^2)))) -> 0.045962573 | V19: =S19*T19*U19 -> 15.47376
A20: K0 sont les constantes de l'ancien papier qui n'inclue pas l'effet de la vapeur d'eau sur la solubilité | H20: 2 | L20: 5.92 | O20: 0.5908 | P20: 27.1761 | Q20: 16.388681 | R20: =273.15+O20 -> 273.7408 | S20: =S19 -> 336.66 | T20: =T19 -> 1 | U20: =EXP($C$12+($C$13*(100/R20))+($C$14*LN(R20/100))+($C$15*(R20/100)^2)+(P20*($C$16+($C$17*(R20/100))+($C$18*(R20/100)^2)))) -> 0.048654993 | V20: =S20*T20*U20 -> 16.38019 | W20: =(Q20/V20)*100 -> 100.05184
A21: F sont les nouvelles contantes qui considèrent l'effet de la vapeur d'eau sur la solubilité | H21: 2 | L21: 90.07 | O21: 0.0034 | P21: 32.5199 | R21: =273.15+O21 -> 273.1534 | S21: =S20 -> 336.66 | T21: =T20 -> 1 | U21: =EXP($C$12+($C$13*(100/R21))+($C$14*LN(R21/100))+($C$15*(R21/100)^2)+(P21*($C$16+($C$17*(R21/100))+($C$18*(R21/100)^2)))) -> 0.048263094 | V21: =S21*T21*U21 -> 16.248253
A22: Comme nous somme dans un environnement 100% humide sans la présence de phase gazeuse, ce sont les constantes F qui doivent être utilisées | H22: 3 | L22: 9.89 | O22: 0.2225 | P22: 29.1919 | Q22: 16.113663 | R22: =273.15+O22 -> 273.3725 | S22: =S21 -> 336.66 | T22: =T21 -> 1 | U22: =EXP($C$12+($C$13*(100/R22))+($C$14*LN(R22/100))+($C$15*(R22/100)^2)+(P22*($C$16+($C$17*(R22/100))+($C$18*(R22/100)^2)))) -> 0.048800163 | V22: =S22*T22*U22 -> 16.429063 | W22: =(Q22/V22)*100 -> 98.080232
A23: La différence finale sur la saturation est le l'ordre de 3-4%, avec K0 qui sous-estime la saturation par rapport à F | H23: 3 | L23: 175.03 | O23: 1.3925 | P23: 33.5947 | R23: =273.15+O23 -> 274.5425 | S23: =S22 -> 336.66 | T23: =T22 -> 1 | U23: =EXP($C$12+($C$13*(100/R23))+($C$14*LN(R23/100))+($C$15*(R23/100)^2)+(P23*($C$16+($C$17*(R23/100))+($C$18*(R23/100)^2)))) -> 0.045325336 | V23: =S23*T23*U23 -> 15.259227
H24: 3 | L24: 249.97 | O24: 3.5333 | P24: 34.3615 | R24: =273.15+O24 -> 276.6833 | S24: =S23 -> 336.66 | T24: =T23 -> 1 | U24: =EXP($C$12+($C$13*(100/R24))+($C$14*LN(R24/100))+($C$15*(R24/100)^2)+(P24*($C$16+($C$17*(R24/100))+($C$18*(R24/100)^2)))) -> 0.041464899 | V24: =S24*T24*U24 -> 13.959573
H25: 3 | L25: 3.08 | O25: 1.2716 | P25: 23.1983 | Q25: 15.99786 | R25: =273.15+O25 -> 274.4216 | S25: =S24 -> 336.66 | T25: =T24 -> 1 | U25: =EXP($C$12+($C$13*(100/R25))+($C$14*LN(R25/100))+($C$15*(R25/100)^2)+(P25*($C$16+($C$17*(R25/100))+($C$18*(R25/100)^2)))) -> 0.048461627 | V25: =S25*T25*U25 -> 16.315091 | W25: =(Q25/V25)*100 -> 98.055597
H26: 3 | L26: 34.63 | O26: 1.3549 | P26: 31.4891 | Q26: 15.512427 | R26: =273.15+O26 -> 274.5049 | S26: =S25 -> 336.66 | T26: =T25 -> 1 | U26: =EXP($C$12+($C$13*(100/R26))+($C$14*LN(R26/100))+($C$15*(R26/100)^2)+(P26*($C$16+($C$17*(R26/100))+($C$18*(R26/100)^2)))) -> 0.045967454 | V26: =S26*T26*U26 -> 15.475403 | W26: =(Q26/V26)*100 -> 100.23925
H27: 3 | L27: 550.16 | O27: 4.3803 | P27: 34.7229 | R27: =273.15+O27 -> 277.5303 | S27: =S26 -> 336.66 | T27: =T26 -> 1 | U27: =EXP($C$12+($C$13*(100/R27))+($C$14*LN(R27/100))+($C$15*(R27/100)^2)+(P27*($C$16+($C$17*(R27/100))+($C$18*(R27/100)^2)))) -> 0.040047438 | V27: =S27*T27*U27 -> 13.48237
H28: 3 | L28: 85.38 | O28: 0.1583 | P28: 32.4608 | Q28: 16.896568 | R28: =273.15+O28 -> 273.3083 | S28: =S27 -> 336.66 | T28: =T27 -> 1 | U28: =EXP($C$12+($C$13*(100/R28))+($C$14*LN(R28/100))+($C$15*(R28/100)^2)+(P28*($C$16+($C$17*(R28/100))+($C$18*(R28/100)^2)))) -> 0.0479748 | V28: =S28*T28*U28 -> 16.151196 | W28: =(Q28/V28)*100 -> 104.61496
H29: 4 | L29: 2.05 | O29: 4.1076 | P29: 18.4008 | Q29: 14.997564 | R29: =273.15+O29 -> 277.2576 | S29: =S28 -> 336.66 | T29: =T28 -> 1 | U29: =EXP($C$12+($C$13*(100/R29))+($C$14*LN(R29/100))+($C$15*(R29/100)^2)+(P29*($C$16+($C$17*(R29/100))+($C$18*(R29/100)^2)))) -> 0.044509326 | V29: =S29*T29*U29 -> 14.98451 | W29: =(Q29/V29)*100 -> 100.08712
H30: 4 | L30: 20.09 | O30: 0.4808 | P30: 30.3837 | R30: =273.15+O30 -> 273.6308 | S30: =S29 -> 336.66 | T30: =T29 -> 1 | U30: =EXP($C$12+($C$13*(100/R30))+($C$14*LN(R30/100))+($C$15*(R30/100)^2)+(P30*($C$16+($C$17*(R30/100))+($C$18*(R30/100)^2)))) -> 0.047941805 | V30: =S30*T30*U30 -> 16.140088
H31: 4 | L31: 249.58 | O31: 3.5783 | P31: 34.3781 | Q31: 15.665606 | R31: =273.15+O31 -> 276.7283 | S31: =S30 -> 336.66 | T31: =T30 -> 1 | U31: =EXP($C$12+($C$13*(100/R31))+($C$14*LN(R31/100))+($C$15*(R31/100)^2)+(P31*($C$16+($C$17*(R31/100))+($C$18*(R31/100)^2)))) -> 0.041388521 | V31: =S31*T31*U31 -> 13.933859 | W31: =(Q31/V31)*100 -> 112.42834
H32: 4 | L32: 34.38 | O32: 1.1226 | P32: 31.4207 | Q32: 15.756181 | R32: =273.15+O32 -> 274.2726 | S32: =S31 -> 336.66 | T32: =T31 -> 1 | U32: =EXP($C$12+($C$13*(100/R32))+($C$14*LN(R32/100))+($C$15*(R32/100)^2)+(P32*($C$16+($C$17*(R32/100))+($C$18*(R32/100)^2)))) -> 0.046418961 | V32: =S32*T32*U32 -> 15.627407 | W32: =(Q32/V32)*100 -> 100.82402
H33: 4 | L33: 546.44 | O33: 4.4084 | P33: 34.728 | Q33: 14.572579 | R33: =273.15+O33 -> 277.5584 | S33: =S32 -> 336.66 | T33: =T32 -> 1 | U33: =EXP($C$12+($C$13*(100/R33))+($C$14*LN(R33/100))+($C$15*(R33/100)^2)+(P33*($C$16+($C$17*(R33/100))+($C$18*(R33/100)^2)))) -> 0.040003152 | V33: =S33*T33*U33 -> 13.467461 | W33: =(Q33/V33)*100 -> 108.20584
H34: 4 | L34: 5.93 | O34: 0.8806 | P34: 27.4808 | Q34: 15.312603 | R34: =273.15+O34 -> 274.0306 | S34: =S33 -> 336.66 | T34: =T33 -> 1 | U34: =EXP($C$12+($C$13*(100/R34))+($C$14*LN(R34/100))+($C$15*(R34/100)^2)+(P34*($C$16+($C$17*(R34/100))+($C$18*(R34/100)^2)))) -> 0.047994842 | V34: =S34*T34*U34 -> 16.157943 | W34: =(Q34/V34)*100 -> 94.768265
H35: 4 | L35: 70.33 | O35: 0.3222 | P35: 32.3222 | Q35: 16.504613 | R35: =273.15+O35 -> 273.4722 | S35: =S34 -> 336.66 | T35: =T34 -> 1 | U35: =EXP($C$12+($C$13*(100/R35))+($C$14*LN(R35/100))+($C$15*(R35/100)^2)+(P35*($C$16+($C$17*(R35/100))+($C$18*(R35/100)^2)))) -> 0.04769418 | V35: =S35*T35*U35 -> 16.056723 | W35: =(Q35/V35)*100 -> 102.78942
H36: 6 | L36: 99.83 | O36: 0.6848 | P36: 31.5599 | R36: =273.15+O36 -> 273.8348 | S36: =S35 -> 336.66 | T36: =T35 -> 1 | U36: =EXP($C$12+($C$13*(100/R36))+($C$14*LN(R36/100))+($C$15*(R36/100)^2)+(P36*($C$16+($C$17*(R36/100))+($C$18*(R36/100)^2)))) -> 0.04721043 | V36: =S36*T36*U36 -> 15.893863
H37: 6 | L37: 169.72 | O37: -0.0392 | P37: 32.8199 | Q37: 18.286058 | R37: =273.15+O37 -> 273.1108 | S37: =S36 -> 336.66 | T37: =T36 -> 1 | U37: =EXP($C$12+($C$13*(100/R37))+($C$14*LN(R37/100))+($C$15*(R37/100)^2)+(P37*($C$16+($C$17*(R37/100))+($C$18*(R37/100)^2)))) -> 0.048260088 | V37: =S37*T37*U37 -> 16.247241 | W37: =(Q37/V37)*100 -> 112.5487
H38: 6 | L38: 19.54 | O38: 0.7188 | P38: 29.4013 | Q38: 16.299479 | R38: =273.15+O38 -> 273.8688 | S38: =S37 -> 336.66 | T38: =T37 -> 1 | U38: =EXP($C$12+($C$13*(100/R38))+($C$14*LN(R38/100))+($C$15*(R38/100)^2)+(P38*($C$16+($C$17*(R38/100))+($C$18*(R38/100)^2)))) -> 0.047759447 | V38: =S38*T38*U38 -> 16.078696 | W38: =(Q38/V38)*100 -> 101.37314
H39: 6 | L39: 3.16 | O39: 0.8547 | P39: 28.784 | Q39: 16.584541 | R39: =273.15+O39 -> 274.0047 | S39: =S38 -> 336.66 | T39: =T38 -> 1 | U39: =EXP($C$12+($C$13*(100/R39))+($C$14*LN(R39/100))+($C$15*(R39/100)^2)+(P39*($C$16+($C$17*(R39/100))+($C$18*(R39/100)^2)))) -> 0.047671956 | V39: =S39*T39*U39 -> 16.049241 | W39: =(Q39/V39)*100 -> 103.33537
H40: 6 | L40: 40.15 | O40: 0.7897 | P40: 30.7247 | R40: =273.15+O40 -> 273.9397 | S40: =S39 -> 336.66 | T40: =T39 -> 1 | U40: =EXP($C$12+($C$13*(100/R40))+($C$14*LN(R40/100))+($C$15*(R40/100)^2)+(P40*($C$16+($C$17*(R40/100))+($C$18*(R40/100)^2)))) -> 0.047245577 | V40: =S40*T40*U40 -> 15.905696
H41: 6 | L41: 5.81 | O41: 0.8324 | P41: 28.8517 | Q41: 16.407744 | R41: =273.15+O41 -> 273.9824 | S41: =S40 -> 336.66 | T41: =T40 -> 1 | U41: =EXP($C$12+($C$13*(100/R41))+($C$14*LN(R41/100))+($C$15*(R41/100)^2)+(P41*($C$16+($C$17*(R41/100))+($C$18*(R41/100)^2)))) -> 0.04769589 | V41: =S41*T41*U41 -> 16.057298 | W41: =(Q41/V41)*100 -> 102.18247
H42: 7 | L42: 99.99 | O42: 0.6658 | P42: 31.5699 | R42: =273.15+O42 -> 273.8158 | S42: =S41 -> 336.66 | T42: =T41 -> 1 | U42: =EXP($C$12+($C$13*(100/R42))+($C$14*LN(R42/100))+($C$15*(R42/100)^2)+(P42*($C$16+($C$17*(R42/100))+($C$18*(R42/100)^2)))) -> 0.047244079 | V42: =S42*T42*U42 -> 15.905192
H43: 7 | L43: 2.99 | O43: 0.859 | P43: 28.5829 | R43: =273.15+O43 -> 274.009 | S43: =S42 -> 336.66 | T43: =T42 -> 1 | U43: =EXP($C$12+($C$13*(100/R43))+($C$14*LN(R43/100))+($C$15*(R43/100)^2)+(P43*($C$16+($C$17*(R43/100))+($C$18*(R43/100)^2)))) -> 0.047721059 | V43: =S43*T43*U43 -> 16.065772
H44: 7 | L44: 30.07 | O44: 0.7211 | P44: 29.6258 | R44: =273.15+O44 -> 273.8711 | S44: =S43 -> 336.66 | T44: =T43 -> 1 | U44: =EXP($C$12+($C$13*(100/R44))+($C$14*LN(R44/100))+($C$15*(R44/100)^2)+(P44*($C$16+($C$17*(R44/100))+($C$18*(R44/100)^2)))) -> 0.047690729 | V44: =S44*T44*U44 -> 16.055561
H45: 7 | L45: 6.07 | O45: 0.8209 | P45: 28.6599 | R45: =273.15+O45 -> 273.9709 | S45: =S44 -> 336.66 | T45: =T44 -> 1 | U45: =EXP($C$12+($C$13*(100/R45))+($C$14*LN(R45/100))+($C$15*(R45/100)^2)+(P45*($C$16+($C$17*(R45/100))+($C$18*(R45/100)^2)))) -> 0.047773085 | V45: =S45*T45*U45 -> 16.083287
H46: 7 | L46: 74.95 | O46: 0.7898 | P46: 31.3368 | R46: =273.15+O46 -> 273.9398 | S46: =S45 -> 336.66 | T46: =T45 -> 1 | U46: =EXP($C$12+($C$13*(100/R46))+($C$14*LN(R46/100))+($C$15*(R46/100)^2)+(P46*($C$16+($C$17*(R46/100))+($C$18*(R46/100)^2)))) -> 0.047072396 | V46: =S46*T46*U46 -> 15.847393
H47: 10 | L47: 150.05 | O47: 1.0613 | P47: 33.4871 | R47: =273.15+O47 -> 274.2113 | S47: =S46 -> 336.66 | T47: =T46 -> 1 | U47: =EXP($C$12+($C$13*(100/R47))+($C$14*LN(R47/100))+($C$15*(R47/100)^2)+(P47*($C$16+($C$17*(R47/100))+($C$18*(R47/100)^2)))) -> 0.045962685 | V47: =S47*T47*U47 -> 15.473798
H48: 10 | L48: 249.94 | O48: 3.7065 | P48: 34.4495 | R48: =273.15+O48 -> 276.8565 | S48: =S47 -> 336.66 | T48: =T47 -> 1 | U48: =EXP($C$12+($C$13*(100/R48))+($C$14*LN(R48/100))+($C$15*(R48/100)^2)+(P48*($C$16+($C$17*(R48/100))+($C$18*(R48/100)^2)))) -> 0.04116617 | V48: =S48*T48*U48 -> 13.859003
H49: 10 | L49: 2.96 | O49: 1.3993 | P49: 25.4056 | Q49: 14.303868 | R49: =273.15+O49 -> 274.5493 | S49: =S48 -> 336.66 | T49: =T48 -> 1 | U49: =EXP($C$12+($C$13*(100/R49))+($C$14*LN(R49/100))+($C$15*(R49/100)^2)+(P49*($C$16+($C$17*(R49/100))+($C$18*(R49/100)^2)))) -> 0.047580262 | V49: =S49*T49*U49 -> 16.018371 | W49: =(Q49/V49)*100 -> 89.296646
H50: 10 | L50: 29.97 | O50: 0.8377 | P50: 31.3248 | Q50: 14.08611 | R50: =273.15+O50 -> 273.9877 | S50: =S49 -> 336.66 | T50: =T49 -> 1 | U50: =EXP($C$12+($C$13*(100/R50))+($C$14*LN(R50/100))+($C$15*(R50/100)^2)+(P50*($C$16+($C$17*(R50/100))+($C$18*(R50/100)^2)))) -> 0.046984355 | V50: =S50*T50*U50 -> 15.817753 | W50: =(Q50/V50)*100 -> 89.052533
H51: 10 | L51: 399.91 | O51: 4.3203 | P51: 34.6895 | Q51: 13.190227 | R51: =273.15+O51 -> 277.4703 | S51: =S50 -> 336.66 | T51: =T50 -> 1 | U51: =EXP($C$12+($C$13*(100/R51))+($C$14*LN(R51/100))+($C$15*(R51/100)^2)+(P51*($C$16+($C$17*(R51/100))+($C$18*(R51/100)^2)))) -> 0.040147484 | V51: =S51*T51*U51 -> 13.516052 | W51: =(Q51/V51)*100 -> 97.589349
H52: 10 | L52: 5.95 | O52: 0.7451 | P52: 28.3158 | Q52: 15.863547 | R52: =273.15+O52 -> 273.8951 | S52: =S51 -> 336.66 | T52: =T51 -> 1 | U52: =EXP($C$12+($C$13*(100/R52))+($C$14*LN(R52/100))+($C$15*(R52/100)^2)+(P52*($C$16+($C$17*(R52/100))+($C$18*(R52/100)^2)))) -> 0.048019794 | V52: =S52*T52*U52 -> 16.166344 | W52: =(Q52/V52)*100 -> 98.126993
H53: 12 | L53: 19.94 | O53: 0.7939 | P53: 30.2563 | Q53: 15.307825 | R53: =273.15+O53 -> 273.9439 | S53: =S52 -> 336.66 | T53: =T52 -> 1 | U53: =EXP($C$12+($C$13*(100/R53))+($C$14*LN(R53/100))+($C$15*(R53/100)^2)+(P53*($C$16+($C$17*(R53/100))+($C$18*(R53/100)^2)))) -> 0.047370294 | V53: =S53*T53*U53 -> 15.947683 | W53: =(Q53/V53)*100 -> 95.987768
H54: 12 | L54: 250.01 | O54: 3.4793 | P54: 34.3901 | Q54: 14.227332 | R54: =273.15+O54 -> 276.6293 | S54: =S53 -> 336.66 | T54: =T53 -> 1 | U54: =EXP($C$12+($C$13*(100/R54))+($C$14*LN(R54/100))+($C$15*(R54/100)^2)+(P54*($C$16+($C$17*(R54/100))+($C$18*(R54/100)^2)))) -> 0.041544992 | V54: =S54*T54*U54 -> 13.986537 | W54: =(Q54/V54)*100 -> 101.72162
H55: 12 | L55: 2.92 | O55: 4.3794 | P55: 25.5113 | Q55: 15.593849 | R55: =273.15+O55 -> 277.5294 | S55: =S54 -> 336.66 | T55: =T54 -> 1 | U55: =EXP($C$12+($C$13*(100/R55))+($C$14*LN(R55/100))+($C$15*(R55/100)^2)+(P55*($C$16+($C$17*(R55/100))+($C$18*(R55/100)^2)))) -> 0.042253465 | V55: =S55*T55*U55 -> 14.225052 | W55: =(Q55/V55)*100 -> 109.62244
H56: 12 | L56: 399.94 | O56: 4.4654 | P56: 34.7106 | Q56: 13.445317 | R56: =273.15+O56 -> 277.6154 | S56: =S55 -> 336.66 | T56: =T55 -> 1 | U56: =EXP($C$12+($C$13*(100/R56))+($C$14*LN(R56/100))+($C$15*(R56/100)^2)+(P56*($C$16+($C$17*(R56/100))+($C$18*(R56/100)^2)))) -> 0.039919963 | V56: =S56*T56*U56 -> 13.439455 | W56: =(Q56/V56)*100 -> 100.04362
H57: 12 | L57: 49.99 | O57: 0.422 | P57: 32.0504 | Q57: 15.304652 | R57: =273.15+O57 -> 273.572 | S57: =S56 -> 336.66 | T57: =T56 -> 1 | U57: =EXP($C$12+($C$13*(100/R57))+($C$14*LN(R57/100))+($C$15*(R57/100)^2)+(P57*($C$16+($C$17*(R57/100))+($C$18*(R57/100)^2)))) -> 0.047578018 | V57: =S57*T57*U57 -> 16.017615 | W57: =(Q57/V57)*100 -> 95.548882
H58: 12 | L58: 6.91 | O58: 2.0727 | P58: 27.4124 | Q58: 15.560672 | R58: =273.15+O58 -> 275.2227 | S58: =S57 -> 336.66 | T58: =T57 -> 1 | U58: =EXP($C$12+($C$13*(100/R58))+($C$14*LN(R58/100))+($C$15*(R58/100)^2)+(P58*($C$16+($C$17*(R58/100))+($C$18*(R58/100)^2)))) -> 0.04575812 | V58: =S58*T58*U58 -> 15.404929 | W58: =(Q58/V58)*100 -> 101.011
H59: 12 | L59: 80.06 | O59: -0.0273 | P59: 32.4851 | Q59: 16.056131 | R59: =273.15+O59 -> 273.1227 | S59: =S58 -> 336.66 | T59: =T58 -> 1 | U59: =EXP($C$12+($C$13*(100/R59))+($C$14*LN(R59/100))+($C$15*(R59/100)^2)+(P59*($C$16+($C$17*(R59/100))+($C$18*(R59/100)^2)))) -> 0.048334082 | V59: =S59*T59*U59 -> 16.272152 | W59: =(Q59/V59)*100 -> 98.672449
H60: 14 | L60: 99.98 | O60: 0.313 | P60: 32.951 | R60: =273.15+O60 -> 273.463 | S60: =S59 -> 336.66 | T60: =T59 -> 1 | U60: =EXP($C$12+($C$13*(100/R60))+($C$14*LN(R60/100))+($C$15*(R60/100)^2)+(P60*($C$16+($C$17*(R60/100))+($C$18*(R60/100)^2)))) -> 0.047531924 | V60: =S60*T60*U60 -> 16.002098
H61: 14 | L61: 11.9 | O61: 0.8044 | P61: 30.057 | Q61: 16.111752 | R61: =273.15+O61 -> 273.9544 | S61: =S60 -> 336.66 | T61: =T60 -> 1 | U61: =EXP($C$12+($C$13*(100/R61))+($C$14*LN(R61/100))+($C$15*(R61/100)^2)+(P61*($C$16+($C$17*(R61/100))+($C$18*(R61/100)^2)))) -> 0.047406661 | V61: =S61*T61*U61 -> 15.959927 | W61: =(Q61/V61)*100 -> 100.95129
H62: 14 | L62: 19.91 | O62: 1.3661 | P62: 31.1271 | Q62: 15.628528 | R62: =273.15+O62 -> 274.5161 | S62: =S61 -> 336.66 | T62: =T61 -> 1 | U62: =EXP($C$12+($C$13*(100/R62))+($C$14*LN(R62/100))+($C$15*(R62/100)^2)+(P62*($C$16+($C$17*(R62/100))+($C$18*(R62/100)^2)))) -> 0.046046042 | V62: =S62*T62*U62 -> 15.50186 | W62: =(Q62/V62)*100 -> 100.81711
H63: 14 | L63: 80.11 | O63: 0.0529 | P63: 32.6092 | Q63: 14.107388 | R63: =273.15+O63 -> 273.2029 | S63: =S62 -> 336.66 | T63: =T62 -> 1 | U63: =EXP($C$12+($C$13*(100/R63))+($C$14*LN(R63/100))+($C$15*(R63/100)^2)+(P63*($C$16+($C$17*(R63/100))+($C$18*(R63/100)^2)))) -> 0.048139288 | V63: =S63*T63*U63 -> 16.206573 | W63: =(Q63/V63)*100 -> 87.047325
H64: 14 | L64: 2.93 | O64: 2.9023 | P64: 27.5841 | Q64: 15.320339 | R64: =273.15+O64 -> 276.0523 | S64: =S63 -> 336.66 | T64: =T63 -> 1 | U64: =EXP($C$12+($C$13*(100/R64))+($C$14*LN(R64/100))+($C$15*(R64/100)^2)+(P64*($C$16+($C$17*(R64/100))+($C$18*(R64/100)^2)))) -> 0.044228311 | V64: =S64*T64*U64 -> 14.889903 | W64: =(Q64/V64)*100 -> 102.89079
H65: 14 | L65: 399.93 | O65: 4.7112 | P65: 34.7399 | Q65: 14.956797 | R65: =273.15+O65 -> 277.8612 | S65: =S64 -> 336.66 | T65: =T64 -> 1 | U65: =EXP($C$12+($C$13*(100/R65))+($C$14*LN(R65/100))+($C$15*(R65/100)^2)+(P65*($C$16+($C$17*(R65/100))+($C$18*(R65/100)^2)))) -> 0.039540045 | V65: =S65*T65*U65 -> 13.311551 | W65: =(Q65/V65)*100 -> 112.35953
H66: 14 | L66: 5.94 | O66: 2.3675 | P66: 28.246 | Q66: 16.263296 | R66: =273.15+O66 -> 275.5175 | S66: =S65 -> 336.66 | T66: =T65 -> 1 | U66: =EXP($C$12+($C$13*(100/R66))+($C$14*LN(R66/100))+($C$15*(R66/100)^2)+(P66*($C$16+($C$17*(R66/100))+($C$18*(R66/100)^2)))) -> 0.045000258 | V66: =S66*T66*U66 -> 15.149787 | W66: =(Q66/V66)*100 -> 107.35
H67: 14 | L67: 6.06 | O67: 2.3947 | P67: 28.2216 | Q67: 16.841414 | R67: =273.15+O67 -> 275.5447 | S67: =S66 -> 336.66 | T67: =T66 -> 1
H68: 19 | L68: 100.01 | O68: 0.3806 | P68: 32.9307 | Q68: 16.192444 | R68: =273.15+O68 -> 273.5306 | S68: =S67 -> 336.66 | T68: =T67 -> 1 | U68: =EXP($C$12+($C$13*(100/R68))+($C$14*LN(R68/100))+($C$15*(R68/100)^2)+(P68*($C$16+($C$17*(R68/100))+($C$18*(R68/100)^2)))) -> 0.047406827 | V68: =S68*T68*U68 -> 15.959982 | W68: =(Q68/V68)*100 -> 101.45652
H69: 19 | L69: 19.95 | O69: 2.6818 | P69: 31.4204 | Q69: 15.647436 | R69: =273.15+O69 -> 275.8318 | S69: =S68 -> 336.66 | T69: =T68 -> 1 | U69: =EXP($C$12+($C$13*(100/R69))+($C$14*LN(R69/100))+($C$15*(R69/100)^2)+(P69*($C$16+($C$17*(R69/100))+($C$18*(R69/100)^2)))) -> 0.04361771 | V69: =S69*T69*U69 -> 14.684338 | W69: =(Q69/V69)*100 -> 106.55867
H70: 19 | L70: 199.88 | O70: 3.4061 | P70: 34.2122 | Q70: 14.814885 | R70: =273.15+O70 -> 276.5561 | S70: =S69 -> 336.66 | T70: =T69 -> 1 | U70: =EXP($C$12+($C$13*(100/R70))+($C$14*LN(R70/100))+($C$15*(R70/100)^2)+(P70*($C$16+($C$17*(R70/100))+($C$18*(R70/100)^2)))) -> 0.041706864 | V70: =S70*T70*U70 -> 14.041033 | W70: =(Q70/V70)*100 -> 105.51136
H71: 19 | L71: 2.95 | O71: 3.6793 | P71: 28.9686 | Q71: 15.52248 | R71: =273.15+O71 -> 276.8293 | S71: =S70 -> 336.66 | T71: =T70 -> 1 | U71: =EXP($C$12+($C$13*(100/R71))+($C$14*LN(R71/100))+($C$15*(R71/100)^2)+(P71*($C$16+($C$17*(R71/100))+($C$18*(R71/100)^2)))) -> 0.042552422 | V71: =S71*T71*U71 -> 14.325698 | W71: =(Q71/V71)*100 -> 108.35409
H72: 19 | L72: 3.05 | O72: 3.5429 | P72: 28.9161 | Q72: 15.051476 | R72: =273.15+O72 -> 276.6929 | S72: =S71 -> 336.66 | T72: =T71 -> 1 | U72: =EXP($C$12+($C$13*(100/R72))+($C$14*LN(R72/100))+($C$15*(R72/100)^2)+(P72*($C$16+($C$17*(R72/100))+($C$18*(R72/100)^2)))) -> 0.042792763 | V72: =S72*T72*U72 -> 14.406612 | W72: =(Q72/V72)*100 -> 104.47617
H73: 19 | L73: 400.04 | O73: 3.8092 | P73: 34.4947 | Q73: 14.872455 | R73: =273.15+O73 -> 276.9592 | S73: =S72 -> 336.66 | T73: =T72 -> 1 | U73: =EXP($C$12+($C$13*(100/R73))+($C$14*LN(R73/100))+($C$15*(R73/100)^2)+(P73*($C$16+($C$17*(R73/100))+($C$18*(R73/100)^2)))) -> 0.040992085 | V73: =S73*T73*U73 -> 13.800395 | W73: =(Q73/V73)*100 -> 107.76833
H74: 22 | L74: 99.92 | O74: 0.4309 | P74: 32.6691 | Q74: 16.380035 | R74: =273.15+O74 -> 273.5809 | S74: =S73 -> 336.66 | T74: =T73 -> 1 | U74: =EXP($C$12+($C$13*(100/R74))+($C$14*LN(R74/100))+($C$15*(R74/100)^2)+(P74*($C$16+($C$17*(R74/100))+($C$18*(R74/100)^2)))) -> 0.047384198 | V74: =S74*T74*U74 -> 15.952364 | W74: =(Q74/V74)*100 -> 102.68092
H75: 22 | L75: 149.97 | O75: 1.6833 | P75: 33.6546 | Q75: 14.99178 | R75: =273.15+O75 -> 274.8333 | S75: =S74 -> 336.66 | T75: =T74 -> 1 | U75: =EXP($C$12+($C$13*(100/R75))+($C$14*LN(R75/100))+($C$15*(R75/100)^2)+(P75*($C$16+($C$17*(R75/100))+($C$18*(R75/100)^2)))) -> 0.044784804 | V75: =S75*T75*U75 -> 15.077252 | W75: =(Q75/V75)*100 -> 99.433106
H76: 22 | L76: 219.95 | O76: 2.9493 | P76: 34.175 | Q76: 14.594545 | R76: =273.15+O76 -> 276.0993 | S76: =S75 -> 336.66 | T76: =T75 -> 1 | U76: =EXP($C$12+($C$13*(100/R76))+($C$14*LN(R76/100))+($C$15*(R76/100)^2)+(P76*($C$16+($C$17*(R76/100))+($C$18*(R76/100)^2)))) -> 0.042466519 | V76: =S76*T76*U76 -> 14.296778 | W76: =(Q76/V76)*100 -> 102.08276
H77: 22 | L77: 220.05 | O77: 2.9508 | P77: 34.1745 | Q77: 13.468541 | R77: =273.15+O77 -> 276.1008 | S77: =S76 -> 336.66 | T77: =T76 -> 1 | U77: =EXP($C$12+($C$13*(100/R77))+($C$14*LN(R77/100))+($C$15*(R77/100)^2)+(P77*($C$16+($C$17*(R77/100))+($C$18*(R77/100)^2)))) -> 0.042464149 | V77: =S77*T77*U77 -> 14.29598 | W77: =(Q77/V77)*100 -> 94.212087
H78: 22 | L78: 3 | O78: 6.9789 | P78: 28.6554 | Q78: 16.034571 | R78: =273.15+O78 -> 280.1289 | S78: =S77 -> 336.66 | T78: =T77 -> 1 | U78: =EXP($C$12+($C$13*(100/R78))+($C$14*LN(R78/100))+($C$15*(R78/100)^2)+(P78*($C$16+($C$17*(R78/100))+($C$18*(R78/100)^2)))) -> 0.037595613 | V78: =S78*T78*U78 -> 12.656939 | W78: =(Q78/V78)*100 -> 126.68601
H79: 22 | L79: 29.94 | O79: 2.307 | P79: 31.3552 | Q79: 14.234719 | R79: =273.15+O79 -> 275.457 | S79: =S78 -> 336.66 | T79: =T78 -> 1 | U79: =EXP($C$12+($C$13*(100/R79))+($C$14*LN(R79/100))+($C$15*(R79/100)^2)+(P79*($C$16+($C$17*(R79/100))+($C$18*(R79/100)^2)))) -> 0.044286489 | V79: =S79*T79*U79 -> 14.909489 | W79: =(Q79/V79)*100 -> 95.474222
H80: 23 | L80: 150.03 | O80: 0.065 | P80: 33.0555 | R80: =273.15+O80 -> 273.215 | S80: =S79 -> 336.66 | T80: =T79 -> 1 | U80: =EXP($C$12+($C$13*(100/R80))+($C$14*LN(R80/100))+($C$15*(R80/100)^2)+(P80*($C$16+($C$17*(R80/100))+($C$18*(R80/100)^2)))) -> 0.047986112 | V80: =S80*T80*U80 -> 16.155004
H81: 23 | L81: 249.97 | O81: 0.1057 | P81: 33.1624 | Q81: 16.772907 | R81: =273.15+O81 -> 273.2557 | S81: =S80 -> 336.66 | T81: =T80 -> 1 | U81: =EXP($C$12+($C$13*(100/R81))+($C$14*LN(R81/100))+($C$15*(R81/100)^2)+(P81*($C$16+($C$17*(R81/100))+($C$18*(R81/100)^2)))) -> 0.047875349 | V81: =S81*T81*U81 -> 16.117715 | W81: =(Q81/V81)*100 -> 104.06504
H82: 23 | L82: 2.99 | O82: 9.0695 | P82: 23.4126 | Q82: 12.541251 | R82: =273.15+O82 -> 282.2195 | S82: =S81 -> 336.66 | T82: =T81 -> 1 | U82: =EXP($C$12+($C$13*(100/R82))+($C$14*LN(R82/100))+($C$15*(R82/100)^2)+(P82*($C$16+($C$17*(R82/100))+($C$18*(R82/100)^2)))) -> 0.03586164 | V82: =S82*T82*U82 -> 12.07318 | W82: =(Q82/V82)*100 -> 103.87695
H83: 23 | L83: 349.98 | O83: 0.1305 | P83: 33.183 | Q83: 16.347148 | R83: =273.15+O83 -> 273.2805 | S83: =S82 -> 336.66 | T83: =T82 -> 1 | U83: =EXP($C$12+($C$13*(100/R83))+($C$14*LN(R83/100))+($C$15*(R83/100)^2)+(P83*($C$16+($C$17*(R83/100))+($C$18*(R83/100)^2)))) -> 0.047820851 | V83: =S83*T83*U83 -> 16.099368 | W83: =(Q83/V83)*100 -> 101.53907
H84: 23 | L84: 39.99 | O84: 1.7413 | P84: 32.1067 | Q84: 15.596412 | R84: =273.15+O84 -> 274.8913 | S84: =S83 -> 336.66 | T84: =T83 -> 1 | U84: =EXP($C$12+($C$13*(100/R84))+($C$14*LN(R84/100))+($C$15*(R84/100)^2)+(P84*($C$16+($C$17*(R84/100))+($C$18*(R84/100)^2)))) -> 0.045094296 | V84: =S84*T84*U84 -> 15.181446 | W84: =(Q84/V84)*100 -> 102.73338
H85: 23 | L85: 6.06 | O85: 6.1154 | P85: 29.5168 | Q85: 14.316755 | R85: =273.15+O85 -> 279.2654 | S85: =S84 -> 336.66 | T85: =T84 -> 1 | U85: =EXP($C$12+($C$13*(100/R85))+($C$14*LN(R85/100))+($C$15*(R85/100)^2)+(P85*($C$16+($C$17*(R85/100))+($C$18*(R85/100)^2)))) -> 0.038638892 | V85: =S85*T85*U85 -> 13.008169 | W85: =(Q85/V85)*100 -> 110.05972
H86: 23 | L86: 80.02 | O86: 0.7807 | P86: 32.6477 | Q86: 16.166773 | R86: =273.15+O86 -> 273.9307 | S86: =S85 -> 336.66 | T86: =T85 -> 1 | U86: =EXP($C$12+($C$13*(100/R86))+($C$14*LN(R86/100))+($C$15*(R86/100)^2)+(P86*($C$16+($C$17*(R86/100))+($C$18*(R86/100)^2)))) -> 0.046721275 | V86: =S86*T86*U86 -> 15.729185 | W86: =(Q86/V86)*100 -> 102.78202
H87: 26 | L87: 0.98 | O87: 8.5424 | P87: 16.535 | Q87: 13.266842 | R87: =273.15+O87 -> 281.6924 | S87: =S86 -> 336.66 | T87: =T86 -> 1 | U87: =EXP($C$12+($C$13*(100/R87))+($C$14*LN(R87/100))+($C$15*(R87/100)^2)+(P87*($C$16+($C$17*(R87/100))+($C$18*(R87/100)^2)))) -> 0.03800088 | V87: =S87*T87*U87 -> 12.793376 | W87: =(Q87/V87)*100 -> 103.70086
H88: 26 | L88: 9.94 | O88: 4.8295 | P88: 30.4463 | Q88: 16.145737 | R88: =273.15+O88 -> 277.9795 | S88: =S87 -> 336.66 | T88: =T87 -> 1 | U88: =EXP($C$12+($C$13*(100/R88))+($C$14*LN(R88/100))+($C$15*(R88/100)^2)+(P88*($C$16+($C$17*(R88/100))+($C$18*(R88/100)^2)))) -> 0.040354071 | V88: =S88*T88*U88 -> 13.585602 | W88: =(Q88/V88)*100 -> 118.84447
H89: 26 | L89: 100.03 | O89: 0.3786 | P89: 32.8082 | Q89: 16.801454 | R89: =273.15+O89 -> 273.5286 | S89: =S88 -> 336.66 | T89: =T88 -> 1 | U89: =EXP($C$12+($C$13*(100/R89))+($C$14*LN(R89/100))+($C$15*(R89/100)^2)+(P89*($C$16+($C$17*(R89/100))+($C$18*(R89/100)^2)))) -> 0.047445632 | V89: =S89*T89*U89 -> 15.973047 | W89: =(Q89/V89)*100 -> 105.18628
H90: 26 | L90: 20.05 | O90: 3.2539 | P90: 31.4926 | Q90: 16.187145 | R90: =273.15+O90 -> 276.4039 | S90: =S89 -> 336.66 | T90: =T89 -> 1 | U90: =EXP($C$12+($C$13*(100/R90))+($C$14*LN(R90/100))+($C$15*(R90/100)^2)+(P90*($C$16+($C$17*(R90/100))+($C$18*(R90/100)^2)))) -> 0.042630092 | V90: =S90*T90*U90 -> 14.351847 | W90: =(Q90/V90)*100 -> 112.78789
H91: 26 | L91: 219.96 | O91: 0.0917 | P91: 33.132 | Q91: 16.830001 | R91: =273.15+O91 -> 273.2417 | S91: =S90 -> 336.66 | T91: =T90 -> 1 | U91: =EXP($C$12+($C$13*(100/R91))+($C$14*LN(R91/100))+($C$15*(R91/100)^2)+(P91*($C$16+($C$17*(R91/100))+($C$18*(R91/100)^2)))) -> 0.047911572 | V91: =S91*T91*U91 -> 16.12991 | W91: =(Q91/V91)*100 -> 104.34033
H92: 26 | L92: 40.07 | O92: 1.9076 | P92: 32.1685 | Q92: 15.861603 | R92: =273.15+O92 -> 275.0576 | S92: =S91 -> 336.66 | T92: =T91 -> 1 | U92: =EXP($C$12+($C$13*(100/R92))+($C$14*LN(R92/100))+($C$15*(R92/100)^2)+(P92*($C$16+($C$17*(R92/100))+($C$18*(R92/100)^2)))) -> 0.04477939 | V92: =S92*T92*U92 -> 15.075429 | W92: =(Q92/V92)*100 -> 105.21493
... H95: 29 | L95: 100.04 | O95: 0.315 | P95: 32.8767 | Q95: 16.665068 | R95: =273.15+O95 -> 273.465 | S95: =S94 -> 336.66 | T95: =T94 -> 1 | U95: =EXP($C$12+($C$13*(100/R95))+($C$14*LN(R95/100))+($C$15*(R95/100)^2)+(P95*($C$16+($C$17*(R95/100))+($C$18*(R95/100)^2)))) -> 0.047549297 | V95: =S95*T95*U95 -> 16.007946 | W95: =(Q95/V95)*100 -> 104.10497
H96: 29 | L96: 19.97 | O96: 3.258 | P96: 31.3923 | R96: =273.15+O96 -> 276.408 | S96: =S95 -> 336.66 | T96: =T95 -> 1 | U96: =EXP($C$12+($C$13*(100/R96))+($C$14*LN(R96/100))+($C$15*(R96/100)^2)+(P96*($C$16+($C$17*(R96/100))+($C$18*(R96/100)^2)))) -> 0.04264836 | V96: =S96*T96*U96 -> 14.357997
H97: 29 | L97: 3.01 | O97: 5.359 | P97: 27.6122 | Q97: 15.096567 | R97: =273.15+O97 -> 278.509 | S97: =S96 -> 336.66 | T97: =T96 -> 1 | U97: =EXP($C$12+($C$13*(100/R97))+($C$14*LN(R97/100))+($C$15*(R97/100)^2)+(P97*($C$16+($C$17*(R97/100))+($C$18*(R97/100)^2)))) -> 0.040199696 | V97: =S97*T97*U97 -> 13.53363 | W97: =(Q97/V97)*100 -> 111.54855
H98: 29 | L98: 40.03 | O98: 2.1972 | P98: 32.0371 | Q98: 16.245872 | R98: =273.15+O98 -> 275.3472 | S98: =S97 -> 336.66 | T98: =T97 -> 1 | U98: =EXP($C$12+($C$13*(100/R98))+($C$14*LN(R98/100))+($C$15*(R98/100)^2)+(P98*($C$16+($C$17*(R98/100))+($C$18*(R98/100)^2)))) -> 0.04430076 | V98: =S98*T98*U98 -> 14.914294 | W98: =(Q98/V98)*100 -> 108.9282
H99: 29 | L99: 69.97 | O99: 1.0638 | P99: 32.6287 | Q99: 16.360198 | R99: =273.15+O99 -> 274.2138 | S99: =S98 -> 336.66 | T99: =T98 -> 1 | U99: =EXP($C$12+($C$13*(100/R99))+($C$14*LN(R99/100))+($C$15*(R99/100)^2)+(P99*($C$16+($C$17*(R99/100))+($C$18*(R99/100)^2)))) -> 0.046194532 | V99: =S99*T99*U99 -> 15.551851 | W99: =(Q99/V99)*100 -> 105.19776
H100: 31 | L100: 150.05 | O100: 1.8758 | P100: 33.7285 | R100: =273.15+O100 -> 275.0258 | S100: =S99 -> 336.66 | T100: =T99 -> 1 | U100: =EXP($C$12+($C$13*(100/R100))+($C$14*LN(R100/100))+($C$15*(R100/100)^2)+(P100*($C$16+($C$17*(R100/100))+($C$18*(R100/100)^2)))) -> 0.044422786 | V100: =S100*T100*U100 -> 14.955375
H101: 31 | L101: 2.99 | O101: 0.4293 | P101: 23.7101 | Q101: 15.858608 | R101: =273.15+O101 -> 273.5793 | S101: =S100 -> 336.66 | T101: =T100 -> 1 | U101: =EXP($C$12+($C$13*(100/R101))+($C$14*LN(R101/100))+($C$15*(R101/100)^2)+(P101*($C$16+($C$17*(R101/100))+($C$18*(R101/100)^2)))) -> 0.050009239 | V101: =S101*T101*U101 -> 16.836111 | W101: =(Q101/V101)*100 -> 94.19401
H102: 31 | L102: 299.96 | O102: 3.7539 | P102: 34.4485 | Q102: 13.921555 | R102: =273.15+O102 -> 276.9039 | S102: =S101 -> 336.66 | T102: =T101 -> 1 | U102: =EXP($C$12+($C$13*(100/R102))+($C$14*LN(R102/100))+($C$15*(R102/100)^2)+(P102*($C$16+($C$17*(R102/100))+($C$18*(R102/100)^2)))) -> 0.041090951 | V102: =S102*T102*U102 -> 13.833679 | W102: =(Q102/V102)*100 -> 100.63523
H103: 31 | L103: 49.99 | O103: 1.0896 | P103: 32.0655 | Q103: 15.40595 | R103: =273.15+O103 -> 274.2396 | S103: =S102 -> 336.66 | T103: =T102 -> 1 | U103: =EXP($C$12+($C$13*(100/R103))+($C$14*LN(R103/100))+($C$15*(R103/100)^2)+(P103*($C$16+($C$17*(R103/100))+($C$18*(R103/100)^2)))) -> 0.046302078 | V103: =S103*T103*U103 -> 15.588057 | W103: =(Q103/V103)*100 -> 98.831747
H104: 31 | L104: 5.94 | O104: 0.3966 | P104: 27.002 | Q104: 15.828745 | R104: =273.15+O104 -> 273.5466 | S104: =S103 -> 336.66 | T104: =T103 -> 1 | U104: =EXP($C$12+($C$13*(100/R104))+($C$14*LN(R104/100))+($C$15*(R104/100)^2)+(P104*($C$16+($C$17*(R104/100))+($C$18*(R104/100)^2)))) -> 0.049095242 | V104: =S104*T104*U104 -> 16.528404 | W104: =(Q104/V104)*100 -> 95.76693
...

Sheet CH4
Q1: DATA INPUT | S1: DATA CHECK
A2: SOLUBILITY & SATURATION OF CH4 IN water | G2: Campaign | H2: Station_CTD | I2: Station_ID at sea | J2: Sation for MS | K2: Date | L2: Depth | M2: Comments | N2: Sample ID | O2: Temperature | P2: Salinity | Q2: CH4 conc ice measured | R2: Temperature | S2: CH4 conc atmosphere | T2: fG coefficient | U2: Pressure atmosphere | V2: Solubility Constant (F) | W2: CH4 Saturation
L3: cm | O3: °C | Q3: nmol/L | R3: K | S3: ppb | U3: atm | V3: mol/L atm | W3: %
A4: Constantes
G5: =N2O!G7 -> Greenfjord 2024 | H5: 1 | L5: 9.81 | O5: 0.392 | P5: 29.1163 | R5: =N2O!R7 -> 273.542 | S5: 1986.65 | T5: =S5*10^-9 -> 1.98665e-06 | U5: =N2O!T7 -> 1 | V5: =EXP(LN(T5)+$C$13+($C$14*(100/R5))+($C$15*LN(R5/100))+($C$16*(R5/100))+(P5*($C$17+($C$18*(R5/100))+($C$19*(R5/100)^2)))) -> 4.0524017
H6: 1 | L6: 19.87 | O6: 0.5155 | P6: 30.441 | R6: =N2O!R8 -> 273.6655 | S6: =S5 -> 1986.65 | T6: =T5 -> 1.98665e-06 | U6: =U5 -> 1 | V6: =EXP(LN(T6)+$C$13+($C$14*(100/R6))+($C$15*LN(R6/100))+($C$16*(R6/100))+(P6*($C$17+($C$18*(R6/100))+($C$19*(R6/100)^2)))) -> 3.9989756
H7: 1 | L7: 279.94 | O7: 3.9495 | P7: 34.5434 | R7: =N2O!R9 -> 277.0995 | S7: =S6 -> 1986.65 | T7: =T6 -> 1.98665e-06 | U7: =U6 -> 1 | V7: =EXP(LN(T7)+$C$13+($C$14*(100/R7))+($C$15*LN(R7/100))+($C$16*(R7/100))+(P7*($C$17+($C$18*(R7/100))+($C$19*(R7/100)^2)))) -> 3.5193514
H8: 1 | L8: 2.88 | O8: 3.7643 | P8: 22.9 | Q8: 6.1738481 | R8: =N2O!R10 -> 276.9143 | S8: =S7 -> 1986.65 | T8: =T7 -> 1.98665e-06 | U8: =U7 -> 1 | V8: =EXP(LN(T8)+$C$13+($C$14*(100/R8))+($C$15*LN(R8/100))+($C$16*(R8/100))+(P8*($C$17+($C$18*(R8/100))+($C$19*(R8/100)^2)))) -> 3.8388049 | W8: =(Q8/V8)*100 -> 160.82735
B9: Wiesenburg & Guinasso 1979 | H9: 1 | L9: 45.17 | O9: 0.9587 | P9: 31.8636 | Q9: 5.4979328 | R9: =N2O!R11 -> 274.1087 | S9: =S8 -> 1986.65 | T9: =T8 -> 1.98665e-06 | U9: =U8 -> 1 | V9: =EXP(LN(T9)+$C$13+($C$14*(100/R9))+($C$15*LN(R9/100))+($C$16*(R9/100))+(P9*($C$17+($C$18*(R9/100))+($C$19*(R9/100)^2)))) -> 3.9062747 | W9: =(Q9/V9)*100 -> 140.74619
B10: CH4 | H10: 1 | L10: 45.17 | O10: 0.9587 | P10: 31.8636 | Q10: 5.4979328 | R10: =N2O!R12 -> 274.1087 | S10: =S9 -> 1986.65 | T10: =T9 -> 1.98665e-06 | U10: =U9 -> 1 | V10: =EXP(LN(T10)+$C$13+($C$14*(100/R10))+($C$15*LN(R10/100))+($C$16*(R10/100))+(P10*($C$17+($C$18*(R10/100))+($C$19*(R10/100)^2)))) -> 3.9062747 | W10: =(Q10/V10)*100 -> 140.74619
B11: F | C11: F | H11: 1 | L11: 6.2 | O11: 0.6024 | P11: 28.1334 | Q11: 7.9771456 | R11: =N2O!R13 -> 273.7524 | S11: =S10 -> 1986.65 | T11: =T10 -> 1.98665e-06 | U11: =U10 -> 1 | V11: =EXP(LN(T11)+$C$13+($C$14*(100/R11))+($C$15*LN(R11/100))+($C$16*(R11/100))+(P11*($C$17+($C$18*(R11/100))+($C$19*(R11/100)^2)))) -> 4.0554127 | W11: =(Q11/V11)*100 -> 196.70367
B12: mol/kg atm | C12: mol/L atm | H12: 1 | L12: 309.6 | O12: 4.0235 | P12: 34.6025 | Q12: 5.1351732 | R12: =N2O!R14 -> 277.1735 | S12: =S11 -> 1986.65 | T12: =T11 -> 1.98665e-06 | U12: =U11 -> 1 | V12: =EXP(LN(T12)+$C$13+($C$14*(100/R12))+($C$15*LN(R12/100))+($C$16*(R12/100))+(P12*($C$17+($C$18*(R12/100))+($C$19*(R12/100)^2)))) -> 3.5107611 | W12: =(Q12/V12)*100 -> 146.26951
A13: A1 | C13: -415.2807 | H13: 1 | L13: 85.13 | O13: 0.0905 | P13: 32.5198 | Q13: 5.8095259 | R13: =N2O!R15 -> 273.2405 | S13: =S12 -> 1986.65 | T13: =T12 -> 1.98665e-06 | U13: =U12 -> 1 | V13: =EXP(LN(T13)+$C$13+($C$14*(100/R13))+($C$15*LN(R13/100))+($C$16*(R13/100))+(P13*($C$17+($C$18*(R13/100))+($C$19*(R13/100)^2)))) -> 3.9901605 | W13: =(Q13/V13)*100 -> 145.5963
A14: A2 | C14: 596.8104 | H14: 2 | L14: 15.13 | O14: 0.355 | P14: 29.8899 | Q14: 5.8036443 | R14: =N2O!R16 -> 273.505 | S14: =S13 -> 1986.65 | T14: =T13 -> 1.98665e-06 | U14: =U13 -> 1 | V14: =EXP(LN(T14)+$C$13+($C$14*(100/R14))+($C$15*LN(R14/100))+($C$16*(R14/100))+(P14*($C$17+($C$18*(R14/100))+($C$19*(R14/100)^2)))) -> 4.0343466 | W14: =(Q14/V14)*100 -> 143.85587
A15: A3 | C15: 379.2599 | H15: 2 | L15: 1.93 | O15: 2.2101 | P15: 20.6037 | R15: =N2O!R17 -> 275.3601 | S15: =S14 -> 1986.65 | T15: =T14 -> 1.98665e-06 | U15: =U14 -> 1 | V15: =EXP(LN(T15)+$C$13+($C$14*(100/R15))+($C$15*LN(R15/100))+($C$16*(R15/100))+(P15*($C$17+($C$18*(R15/100))+($C$19*(R15/100)^2)))) -> 4.080147
A16: A4 | C16: -62.0757 | H16: 2 | L16: 300.38 | O16: 3.9741 | P16: 34.5762 | Q16: 5.550365 | R16: =N2O!R18 -> 277.1241 | S16: =S15 -> 1986.65 | T16: =T15 -> 1.98665e-06 | U16: =U15 -> 1 | V16: =EXP(LN(T16)+$C$13+($C$14*(100/R16))+($C$15*LN(R16/100))+($C$16*(R16/100))+(P16*($C$17+($C$18*(R16/100))+($C$19*(R16/100)^2)))) -> 3.5161675 | W16: =(Q16/V16)*100 -> 157.85269
A17: B1 | C17: -0.05916 | H17: 2 | L17: 39.92 | O17: 1.3149 | P17: 31.7768 | R17: =N2O!R19 -> 274.4649 | S17: =S16 -> 1986.65 | T17: =T16 -> 1.98665e-06 | U17: =U16 -> 1 | V17: =EXP(LN(T17)+$C$13+($C$14*(100/R17))+($C$15*LN(R17/100))+($C$16*(R17/100))+(P17*($C$17+($C$18*(R17/100))+($C$19*(R17/100)^2)))) -> 3.8678502
A18: B2 | C18: 0.032174 | H18: 2 | L18: 5.92 | O18: 0.5908 | P18: 27.1761 | Q18: 7.4071939 | R18: =N2O!R20 -> 273.7408 | S18: =S17 -> 1986.65 | T18: =T17 -> 1.98665e-06 | U18: =U17 -> 1 | V18: =EXP(LN(T18)+$C$13+($C$14*(100/R18))+($C$15*LN(R18/100))+($C$16*(R18/100))+(P18*($C$17+($C$18*(R18/100))+($C$19*(R18/100)^2)))) -> 4.0849006 | W18: =(Q18/V18)*100 -> 181.33107
A19: B3 | C19: -0.0048198 | H19: 2 | L19: 90.07 | O19: 0.0034 | P19: 32.5199 | R19: =N2O!R21 -> 273.1534 | S19: =S18 -> 1986.65 | T19: =T18 -> 1.98665e-06 | U19: =U18 -> 1 | V19: =EXP(LN(T19)+$C$13+($C$14*(100/R19))+($C$15*LN(R19/100))+($C$16*(R19/100))+(P19*($C$17+($C$18*(R19/100))+($C$19*(R19/100)^2)))) -> 4.0006851
A20: fG | C20: 1.8953e-06 | H20: 3 | L20: 9.89 | O20: 0.2225 | P20: 29.1919 | Q20: 7.7965131 | R20: =N2O!R22 -> 273.3725 | S20: =S19 -> 1986.65 | T20: =T19 -> 1.98665e-06 | U20: =U19 -> 1 | V20: =EXP(LN(T20)+$C$13+($C$14*(100/R20))+($C$15*LN(R20/100))+($C$16*(R20/100))+(P20*($C$17+($C$18*(R20/100))+($C$19*(R20/100)^2)))) -> 4.071014 | W20: =(Q20/V20)*100 -> 191.51281
H21: 3 | L21: 175.03 | O21: 1.3925 | P21: 33.5947 | R21: =N2O!R23 -> 274.5425 | S21: =S20 -> 1986.65 | T21: =T20 -> 1.98665e-06 | U21: =U20 -> 1 | V21: =EXP(LN(T21)+$C$13+($C$14*(100/R21))+($C$15*LN(R21/100))+($C$16*(R21/100))+(P21*($C$17+($C$18*(R21/100))+($C$19*(R21/100)^2)))) -> 3.8091659
H22: 3 | L22: 249.97 | O22: 3.5333 | P22: 34.3615 | R22: =N2O!R24 -> 276.6833 | S22: =S21 -> 1986.65 | T22: =T21 -> 1.98665e-06 | U22: =U21 -> 1 | V22: =EXP(LN(T22)+$C$13+($C$14*(100/R22))+($C$15*LN(R22/100))+($C$16*(R22/100))+(P22*($C$17+($C$18*(R22/100))+($C$19*(R22/100)^2)))) -> 3.5645467
H23: 3 | L23: 3.08 | O23: 1.2716 | P23: 23.1983 | Q23: 9.2961195 | R23: =N2O!R25 -> 274.4216 | S23: =S22 -> 1986.65 | T23: =T22 -> 1.98665e-06 | U23: =U22 -> 1 | V23: =EXP(LN(T23)+$C$13+($C$14*(100/R23))+($C$15*LN(R23/100))+($C$16*(R23/100))+(P23*($C$17+($C$18*(R23/100))+($C$19*(R23/100)^2)))) -> 4.1182539 | W23: =(Q23/V23)*100 -> 225.72964
H24: 3 | L24: 34.63 | O24: 1.3549 | P24: 31.4891 | Q24: 5.2387018 | R24: =N2O!R26 -> 274.5049 | S24: =S23 -> 1986.65 | T24: =T23 -> 1.98665e-06 | U24: =U23 -> 1 | V24: =EXP(LN(T24)+$C$13+($C$14*(100/R24))+($C$15*LN(R24/100))+($C$16*(R24/100))+(P24*($C$17+($C$18*(R24/100))+($C$19*(R24/100)^2)))) -> 3.8712759 | W24: =(Q24/V24)*100 -> 135.32236
H25: 3 | L25: 550.16 | O25: 4.3803 | P25: 34.7229 | R25: =N2O!R27 -> 277.5303 | S25: =S24 -> 1986.65 | T25: =T24 -> 1.98665e-06 | U25: =U24 -> 1 | V25: =EXP(LN(T25)+$C$13+($C$14*(100/R25))+($C$15*LN(R25/100))+($C$16*(R25/100))+(P25*($C$17+($C$18*(R25/100))+($C$19*(R25/100)^2)))) -> 3.4738215
H26: 3 | L26: 85.38 | O26: 0.1583 | P26: 32.4608 | Q26: 6.6943229 | R26: =N2O!R28 -> 273.3083 | S26: =S25 -> 1986.65 | T26: =T25 -> 1.98665e-06 | U26: =U25 -> 1 | V26: =EXP(LN(T26)+$C$13+($C$14*(100/R26))+($C$15*LN(R26/100))+($C$16*(R26/100))+(P26*($C$17+($C$18*(R26/100))+($C$19*(R26/100)^2)))) -> 3.983699 | W26: =(Q26/V26)*100 -> 168.04289
H27: 4 | L27: 2.05 | O27: 4.1076 | P27: 18.4008 | Q27: 6.3316052 | R27: =N2O!R29 -> 277.2576 | S27: =S26 -> 1986.65 | T27: =T26 -> 1.98665e-06 | U27: =U26 -> 1 | V27: =EXP(LN(T27)+$C$13+($C$14*(100/R27))+($C$15*LN(R27/100))+($C$16*(R27/100))+(P27*($C$17+($C$18*(R27/100))+($C$19*(R27/100)^2)))) -> 3.9237062 | W27: =(Q27/V27)*100 -> 161.36798
H28: 4 | L28: 20.09 | O28: 0.4808 | P28: 30.3837 | R28: =N2O!R30 -> 273.6308 | S28: =S27 -> 1986.65 | T28: =T27 -> 1.98665e-06 | U28: =U27 -> 1 | V28: =EXP(LN(T28)+$C$13+($C$14*(100/R28))+($C$15*LN(R28/100))+($C$16*(R28/100))+(P28*($C$17+($C$18*(R28/100))+($C$19*(R28/100)^2)))) -> 4.0048004
H29: 4 | L29: 249.58 | O29: 3.5783 | P29: 34.3781 | Q29: 5.0883625 | R29: =N2O!R31 -> 276.7283 | S29: =S28 -> 1986.65 | T29: =T28 -> 1.98665e-06 | U29: =U28 -> 1 | V29: =EXP(LN(T29)+$C$13+($C$14*(100/R29))+($C$15*LN(R29/100))+($C$16*(R29/100))+(P29*($C$17+($C$18*(R29/100))+($C$19*(R29/100)^2)))) -> 3.5596885 | W29: =(Q29/V29)*100 -> 142.94404
H30: 4 | L30: 34.38 | O30: 1.1226 | P30: 31.4207 | Q30: 6.0232306 | R30: =N2O!R32 -> 274.2726 | S30: =S29 -> 1986.65 | T30: =T29 -> 1.98665e-06 | U30: =U29 -> 1 | V30: =EXP(LN(T30)+$C$13+($C$14*(100/R30))+($C$15*LN(R30/100))+($C$16*(R30/100))+(P30*($C$17+($C$18*(R30/100))+($C$19*(R30/100)^2)))) -> 3.8997603 | W30: =(Q30/V30)*100 -> 154.4513
H31: 4 | L31: 546.44 | O31: 4.4084 | P31: 34.728 | Q31: 4.7375222 | R31: =N2O!R33 -> 277.5584 | S31: =S30 -> 1986.65 | T31: =T30 -> 1.98665e-06 | U31: =U30 -> 1 | V31: =EXP(LN(T31)+$C$13+($C$14*(100/R31))+($C$15*LN(R31/100))+($C$16*(R31/100))+(P31*($C$17+($C$18*(R31/100))+($C$19*(R31/100)^2)))) -> 3.4710476 | W31: =(Q31/V31)*100 -> 136.48681
H32: 4 | L32: 5.93 | O32: 0.8806 | P32: 27.4808 | Q32: 8.3280678 | R32: =N2O!R34 -> 274.0306 | S32: =S31 -> 1986.65 | T32: =T31 -> 1.98665e-06 | U32: =U31 -> 1 | V32: =EXP(LN(T32)+$C$13+($C$14*(100/R32))+($C$15*LN(R32/100))+($C$16*(R32/100))+(P32*($C$17+($C$18*(R32/100))+($C$19*(R32/100)^2)))) -> 4.0406173 | W32: =(Q32/V32)*100 -> 206.1088
H33: 4 | L33: 70.33 | O33: 0.3222 | P33: 32.3222 | Q33: 5.8547258 | R33: =N2O!R35 -> 273.4722 | S33: =S32 -> 1986.65 | T33: =T32 -> 1.98665e-06 | U33: =U32 -> 1 | V33: =EXP(LN(T33)+$C$13+($C$14*(100/R33))+($C$15*LN(R33/100))+($C$16*(R33/100))+(P33*($C$17+($C$18*(R33/100))+($C$19*(R33/100)^2)))) -> 3.9680547 | W33: =(Q33/V33)*100 -> 147.5465
H34: 6 | L34: 99.83 | O34: 0.6848 | P34: 31.5599 | R34: =N2O!R36 -> 273.8348 | S34: =S33 -> 1986.65 | T34: =T33 -> 1.98665e-06 | U34: =U33 -> 1 | V34: =EXP(LN(T34)+$C$13+($C$14*(100/R34))+($C$15*LN(R34/100))+($C$16*(R34/100))+(P34*($C$17+($C$18*(R34/100))+($C$19*(R34/100)^2)))) -> 3.9468244
H35: 6 | L35: 169.72 | O35: -0.0392 | P35: 32.8199 | Q35: 6.8741498 | R35: =N2O!R37 -> 273.1108 | S35: =S34 -> 1986.65 | T35: =T34 -> 1.98665e-06 | U35: =U34 -> 1 | V35: =EXP(LN(T35)+$C$13+($C$14*(100/R35))+($C$15*LN(R35/100))+($C$16*(R35/100))+(P35*($C$17+($C$18*(R35/100))+($C$19*(R35/100)^2)))) -> 3.997161 | W35: =(Q35/V35)*100 -> 171.9758
H36: 6 | L36: 19.54 | O36: 0.7188 | P36: 29.4013 | Q36: 7.4063601 | R36: =N2O!R38 -> 273.8688 | S36: =S35 -> 1986.65 | T36: =T35 -> 1.98665e-06 | U36: =U35 -> 1 | V36: =EXP(LN(T36)+$C$13+($C$14*(100/R36))+($C$15*LN(R36/100))+($C$16*(R36/100))+(P36*($C$17+($C$18*(R36/100))+($C$19*(R36/100)^2)))) -> 4.0045464 | W36: =(Q36/V36)*100 -> 184.94879
H37: 6 | L37: 3.16 | O37: 0.8547 | P37: 28.784 | Q37: 7.2274973 | R37: =N2O!R39 -> 274.0047 | S37: =S36 -> 1986.65 | T37: =T36 -> 1.98665e-06 | U37: =U36 -> 1 | V37: =EXP(LN(T37)+$C$13+($C$14*(100/R37))+($C$15*LN(R37/100))+($C$16*(R37/100))+(P37*($C$17+($C$18*(R37/100))+($C$19*(R37/100)^2)))) -> 4.0060489 | W37: =(Q37/V37)*100 -> 180.4146
H38: 6 | L38: 40.15 | O38: 0.7897 | P38: 30.7247 | R38: =N2O!R40 -> 273.9397 | S38: =S37 -> 1986.65 | T38: =T37 -> 1.98665e-06 | U38: =U37 -> 1 | V38: =EXP(LN(T38)+$C$13+($C$14*(100/R38))+($C$15*LN(R38/100))+($C$16*(R38/100))+(P38*($C$17+($C$18*(R38/100))+($C$19*(R38/100)^2)))) -> 3.9582094
H39: 6 | L39: 5.81 | O39: 0.8324 | P39: 28.8517 | Q39: 7.3999475 | R39: =N2O!R41 -> 273.9824 | S39: =S38 -> 1986.65 | T39: =T38 -> 1.98665e-06 | U39: =U38 -> 1 | V39: =EXP(LN(T39)+$C$13+($C$14*(100/R39))+($C$15*LN(R39/100))+($C$16*(R39/100))+(P39*($C$17+($C$18*(R39/100))+($C$19*(R39/100)^2)))) -> 4.0067689 | W39: =(Q39/V39)*100 -> 184.68616
H40: 7 | L40: 99.99 | O40: 0.6658 | P40: 31.5699 | R40: =N2O!R42 -> 273.8158 | S40: =S39 -> 1986.65 | T40: =T39 -> 1.98665e-06 | U40: =U39 -> 1 | V40: =EXP(LN(T40)+$C$13+($C$14*(100/R40))+($C$15*LN(R40/100))+($C$16*(R40/100))+(P40*($C$17+($C$18*(R40/100))+($C$19*(R40/100)^2)))) -> 3.9487789
H41: 7 | L41: 2.99 | O41: 0.859 | P41: 28.5829 | R41: =N2O!R43 -> 274.009 | S41: =S40 -> 1986.65 | T41: =T40 -> 1.98665e-06 | U41: =U40 -> 1 | V41: =EXP(LN(T41)+$C$13+($C$14*(100/R41))+($C$15*LN(R41/100))+($C$16*(R41/100))+(P41*($C$17+($C$18*(R41/100))+($C$19*(R41/100)^2)))) -> 4.0113284
H42: 7 | L42: 30.07 | O42: 0.7211 | P42: 29.6258 | R42: =N2O!R44 -> 273.8711 | S42: =S41 -> 1986.65 | T42: =T41 -> 1.98665e-06 | U42: =U41 -> 1 | V42: =EXP(LN(T42)+$C$13+($C$14*(100/R42))+($C$15*LN(R42/100))+($C$16*(R42/100))+(P42*($C$17+($C$18*(R42/100))+($C$19*(R42/100)^2)))) -> 3.9978072
H43: 7 | L43: 6.07 | O43: 0.8209 | P43: 28.6599 | R43: =N2O!R45 -> 273.9709 | S43: =S42 -> 1986.65 | T43: =T42 -> 1.98665e-06 | U43: =U42 -> 1 | V43: =EXP(LN(T43)+$C$13+($C$14*(100/R43))+($C$15*LN(R43/100))+($C$16*(R43/100))+(P43*($C$17+($C$18*(R43/100))+($C$19*(R43/100)^2)))) -> 4.0136778
H44: 7 | L44: 74.95 | O44: 0.7898 | P44: 31.3368 | R44: =N2O!R46 -> 273.9398 | S44: =S43 -> 1986.65 | T44: =T43 -> 1.98665e-06 | U44: =U43 -> 1 | V44: =EXP(LN(T44)+$C$13+($C$14*(100/R44))+($C$15*LN(R44/100))+($C$16*(R44/100))+(P44*($C$17+($C$18*(R44/100))+($C$19*(R44/100)^2)))) -> 3.9408114
H45: 10 | L45: 150.05 | O45: 1.0613 | P45: 33.4871 | R45: =N2O!R47 -> 274.2113 | S45: =S44 -> 1986.65 | T45: =T44 -> 1.98665e-06 | U45: =U44 -> 1 | V45: =EXP(LN(T45)+$C$13+($C$14*(100/R45))+($C$15*LN(R45/100))+($C$16*(R45/100))+(P45*($C$17+($C$18*(R45/100))+($C$19*(R45/100)^2)))) -> 3.8493252
H46: 10 | L46: 249.94 | O46: 3.7065 | P46: 34.4495 | R46: =N2O!R48 -> 276.8565 | S46: =S45 -> 1986.65 | T46: =T45 -> 1.98665e-06 | U46: =U45 -> 1 | V46: =EXP(LN(T46)+$C$13+($C$14*(100/R46))+($C$15*LN(R46/100))+($C$16*(R46/100))+(P46*($C$17+($C$18*(R46/100))+($C$19*(R46/100)^2)))) -> 3.5453106
H47: 10 | L47: 2.96 | O47: 1.3993 | P47: 25.4056 | Q47: 7.8005059 | R47: =N2O!R49 -> 274.5493 | S47: =S46 -> 1986.65 | T47: =T46 -> 1.98665e-06 | U47: =U46 -> 1 | V47: =EXP(LN(T47)+$C$13+($C$14*(100/R47))+($C$15*LN(R47/100))+($C$16*(R47/100))+(P47*($C$17+($C$18*(R47/100))+($C$19*(R47/100)^2)))) -> 4.0382841 | W47: =(Q47/V47)*100 -> 193.16387
H48: 10 | L48: 29.97 | O48: 0.8377 | P48: 31.3248 | Q48: 6.0821779 | R48: =N2O!R50 -> 273.9877 | S48: =S47 -> 1986.65 | T48: =T47 -> 1.98665e-06 | U48: =U47 -> 1 | V48: =EXP(LN(T48)+$C$13+($C$14*(100/R48))+($C$15*LN(R48/100))+($C$16*(R48/100))+(P48*($C$17+($C$18*(R48/100))+($C$19*(R48/100)^2)))) -> 3.9355374 | W48: =(Q48/V48)*100 -> 154.54504
H49: 10 | L49: 399.91 | O49: 4.3203 | P49: 34.6895 | Q49: 5.3139838 | R49: =N2O!R51 -> 277.4703 | S49: =S48 -> 1986.65 | T49: =T48 -> 1.98665e-06 | U49: =U48 -> 1 | V49: =EXP(LN(T49)+$C$13+($C$14*(100/R49))+($C$15*LN(R49/100))+($C$16*(R49/100))+(P49*($C$17+($C$18*(R49/100))+($C$19*(R49/100)^2)))) -> 3.4803055 | W49: =(Q49/V49)*100 -> 152.68728
H50: 10 | L50: 5.95 | O50: 0.7451 | P50: 28.3158 | Q50: 7.1795046 | R50: =N2O!R52 -> 273.8951 | S50: =S49 -> 1986.65 | T50: =T49 -> 1.98665e-06 | U50: =U49 -> 1 | V50: =EXP(LN(T50)+$C$13+($C$14*(100/R50))+($C$15*LN(R50/100))+($C$16*(R50/100))+(P50*($C$17+($C$18*(R50/100))+($C$19*(R50/100)^2)))) -> 4.0327669 | W50: =(Q50/V50)*100 -> 178.02925
H51: 12 | L51: 19.94 | O51: 0.7939 | P51: 30.2563 | Q51: 7.2516504 | R51: =N2O!R53 -> 273.9439 | S51: =S50 -> 1986.65 | T51: =T50 -> 1.98665e-06 | U51: =U50 -> 1 | V51: =EXP(LN(T51)+$C$13+($C$14*(100/R51))+($C$15*LN(R51/100))+($C$16*(R51/100))+(P51*($C$17+($C$18*(R51/100))+($C$19*(R51/100)^2)))) -> 3.9710681 | W51: =(Q51/V51)*100 -> 182.61209
H52: 12 | L52: 250.01 | O52: 3.4793 | P52: 34.3901 | Q52: 4.4342862 | R52: =N2O!R54 -> 276.6293 | S52: =S51 -> 1986.65 | T52: =T51 -> 1.98665e-06 | U52: =U51 -> 1 | V52: =EXP(LN(T52)+$C$13+($C$14*(100/R52))+($C$15*LN(R52/100))+($C$16*(R52/100))+(P52*($C$17+($C$18*(R52/100))+($C$19*(R52/100)^2)))) -> 3.5691724 | W52: =(Q52/V52)*100 -> 124.2385
H53: 12 | L53: 2.92 | O53: 4.3794 | P53: 25.5113 | Q53: 7.1479673 | R53: =N2O!R55 -> 277.5294 | S53: =S52 -> 1986.65 | T53: =T52 -> 1.98665e-06 | U53: =U52 -> 1 | V53: =EXP(LN(T53)+$C$13+($C$14*(100/R53))+($C$15*LN(R53/100))+($C$16*(R53/100))+(P53*($C$17+($C$18*(R53/100))+($C$19*(R53/100)^2)))) -> 3.7049816 | W53: =(Q53/V53)*100 -> 192.92855
H54: 12 | L54: 399.94 | O54: 4.4654 | P54: 34.7106 | Q54: 4.6129158 | R54: =N2O!R56 -> 277.6154 | S54: =S53 -> 1986.65 | T54: =T53 -> 1.98665e-06 | U54: =U53 -> 1 | V54: =EXP(LN(T54)+$C$13+($C$14*(100/R54))+($C$15*LN(R54/100))+($C$16*(R54/100))+(P54*($C$17+($C$18*(R54/100))+($C$19*(R54/100)^2)))) -> 3.466105 | W54: =(Q54/V54)*100 -> 133.08644
H55: 12 | L55: 49.99 | O55: 0.422 | P55: 32.0504 | Q55: 6.034865 | R55: =N2O!R57 -> 273.572 | S55: =S54 -> 1986.65 | T55: =T54 -> 1.98665e-06 | U55: =U54 -> 1 | V55: =EXP(LN(T55)+$C$13+($C$14*(100/R55))+($C$15*LN(R55/100))+($C$16*(R55/100))+(P55*($C$17+($C$18*(R55/100))+($C$19*(R55/100)^2)))) -> 3.9639468 | W55: =(Q55/V55)*100 -> 152.24384
H56: 12 | L56: 6.91 | O56: 2.0727 | P56: 27.4124 | Q56: 7.2506329 | R56: =N2O!R58 -> 275.2227 | S56: =S55 -> 1986.65 | T56: =T55 -> 1.98665e-06 | U56: =U55 -> 1 | V56: =EXP(LN(T56)+$C$13+($C$14*(100/R56))+($C$15*LN(R56/100))+($C$16*(R56/100))+(P56*($C$17+($C$18*(R56/100))+($C$19*(R56/100)^2)))) -> 3.9028533 | W56: =(Q56/V56)*100 -> 185.77775
H57: 12 | L57: 80.06 | O57: -0.0273 | P57: 32.4851 | Q57: 5.803701 | R57: =N2O!R59 -> 273.1227 | S57: =S56 -> 1986.65 | T57: =T56 -> 1.98665e-06 | U57: =U56 -> 1 | V57: =EXP(LN(T57)+$C$13+($C$14*(100/R57))+($C$15*LN(R57/100))+($C$16*(R57/100))+(P57*($C$17+($C$18*(R57/100))+($C$19*(R57/100)^2)))) -> 4.0054166 | W57: =(Q57/V57)*100 -> 144.89631
H58: 14 | L58: 99.98 | O58: 0.313 | P58: 32.951 | R58: =N2O!R60 -> 273.463 | S58: =S57 -> 1986.65 | T58: =T57 -> 1.98665e-06 | U58: =U57 -> 1 | V58: =EXP(LN(T58)+$C$13+($C$14*(100/R58))+($C$15*LN(R58/100))+($C$16*(R58/100))+(P58*($C$17+($C$18*(R58/100))+($C$19*(R58/100)^2)))) -> 3.9511749
H59: 14 | L59: 11.9 | O59: 0.8044 | P59: 30.057 | Q59: 6.866921 | R59: =N2O!R61 -> 273.9544 | S59: =S58 -> 1986.65 | T59: =T58 -> 1.98665e-06 | U59: =U58 -> 1 | V59: =EXP(LN(T59)+$C$13+($C$14*(100/R59))+($C$15*LN(R59/100))+($C$16*(R59/100))+(P59*($C$17+($C$18*(R59/100))+($C$19*(R59/100)^2)))) -> 3.9755179 | W59: =(Q59/V59)*100 -> 172.73023
H60: 14 | L60: 19.91 | O60: 1.3661 | P60: 31.1271 | Q60: 6.0427969 | R60: =N2O!R62 -> 274.5161 | S60: =S59 -> 1986.65 | T60: =T59 -> 1.98665e-06 | U60: =U59 -> 1 | V60: =EXP(LN(T60)+$C$13+($C$14*(100/R60))+($C$15*LN(R60/100))+($C$16*(R60/100))+(P60*($C$17+($C$18*(R60/100))+($C$19*(R60/100)^2)))) -> 3.8800451 | W60: =(Q60/V60)*100 -> 155.74038
H61: 14 | L61: 80.11 | O61: 0.0529 | P61: 32.6092 | Q61: 4.8896051 | R61: =N2O!R63 -> 273.2029 | S61: =S60 -> 1986.65 | T61: =T60 -> 1.98665e-06 | U61: =U60 -> 1 | V61: =EXP(LN(T61)+$C$13+($C$14*(100/R61))+($C$15*LN(R61/100))+($C$16*(R61/100))+(P61*($C$17+($C$18*(R61/100))+($C$19*(R61/100)^2)))) -> 3.9921161 | W61: =(Q61/V61)*100 -> 122.48154
H62: 14 | L62: 2.93 | O62: 2.9023 | P62: 27.5841 | Q62: 7.2659908 | R62: =N2O!R64 -> 276.0523 | S62: =S61 -> 1986.65 | T62: =T61 -> 1.98665e-06 | U62: =U61 -> 1 | V62: =EXP(LN(T62)+$C$13+($C$14*(100/R62))+($C$15*LN(R62/100))+($C$16*(R62/100))+(P62*($C$17+($C$18*(R62/100))+($C$19*(R62/100)^2)))) -> 3.8060567 | W62: =(Q62/V62)*100 -> 190.906
H63: 14 | L63: 399.93 | O63: 4.7112 | P63: 34.7399 | Q63: 4.9464077 | R63: =N2O!R65 -> 277.8612 | S63: =S62 -> 1986.65 | T63: =T62 -> 1.98665e-06 | U63: =U62 -> 1 | V63: =EXP(LN(T63)+$C$13+($C$14*(100/R63))+($C$15*LN(R63/100))+($C$16*(R63/100))+(P63*($C$17+($C$18*(R63/100))+($C$19*(R63/100)^2)))) -> 3.4424418 | W63: =(Q63/V63)*100 -> 143.68893
H64: 14 | L64: 5.94 | O64: 2.3675 | P64: 28.246 | Q64: 7.1722758 | R64: =N2O!R66 -> 275.5175 | S64: =S63 -> 1986.65 | T64: =T63 -> 1.98665e-06 | U64: =U63 -> 1 | V64: =EXP(LN(T64)+$C$13+($C$14*(100/R64))+($C$15*LN(R64/100))+($C$16*(R64/100))+(P64*($C$17+($C$18*(R64/100))+($C$19*(R64/100)^2)))) -> 3.8467973 | W64: =(Q64/V64)*100 -> 186.44798
H65: 14 | L65: 6.06 | O65: 2.3947 | P65: 28.2216 | Q65: 5.7182951 | R65: =N2O!R67 -> 275.5447 | S65: =S64 -> 1986.65 | T65: =T64 -> 1.98665e-06 | U65: =U64 -> 1
H66: 19 | L66: 100.01 | O66: 0.3806 | P66: 32.9307 | Q66: 5.931634 | R66: =N2O!R68 -> 273.5306 | S66: =S65 -> 1986.65 | T66: =T65 -> 1.98665e-06 | U66: =U65 -> 1 | V66: =EXP(LN(T66)+$C$13+($C$14*(100/R66))+($C$15*LN(R66/100))+($C$16*(R66/100))+(P66*($C$17+($C$18*(R66/100))+($C$19*(R66/100)^2)))) -> 3.9437463 | W66: =(Q66/V66)*100 -> 150.40608
H67: 19 | L67: 19.95 | O67: 2.6818 | P67: 31.4204 | Q67: 6.2189774 | R67: =N2O!R69 -> 275.8318 | S67: =S66 -> 1986.65 | T67: =T66 -> 1.98665e-06 | U67: =U66 -> 1 | V67: =EXP(LN(T67)+$C$13+($C$14*(100/R67))+($C$15*LN(R67/100))+($C$16*(R67/100))+(P67*($C$17+($C$18*(R67/100))+($C$19*(R67/100)^2)))) -> 3.7274346 | W67: =(Q67/V67)*100 -> 166.84337
H68: 19 | L68: 199.88 | O68: 3.4061 | P68: 34.2122 | Q68: 4.9241139 | R68: =N2O!R70 -> 276.5561 | S68: =S67 -> 1986.65 | T68: =T67 -> 1.98665e-06 | U68: =U67 -> 1 | V68: =EXP(LN(T68)+$C$13+($C$14*(100/R68))+($C$15*LN(R68/100))+($C$16*(R68/100))+(P68*($C$17+($C$18*(R68/100))+($C$19*(R68/100)^2)))) -> 3.5809236 | W68: =(Q68/V68)*100 -> 137.50961
H69: 19 | L69: 2.95 | O69: 3.6793 | P69: 28.9686 | Q69: 6.777685 | R69: =N2O!R71 -> 276.8293 | S69: =S68 -> 1986.65 | T69: =T68 -> 1.98665e-06 | U69: =U68 -> 1 | V69: =EXP(LN(T69)+$C$13+($C$14*(100/R69))+($C$15*LN(R69/100))+($C$16*(R69/100))+(P69*($C$17+($C$18*(R69/100))+($C$19*(R69/100)^2)))) -> 3.6873332 | W69: =(Q69/V69)*100 -> 183.80994
H70: 19 | L70: 3.05 | O70: 3.5429 | P70: 28.9161 | Q70: 5.5194594 | R70: =N2O!R72 -> 276.6929 | S70: =S69 -> 1986.65 | T70: =T69 -> 1.98665e-06 | U70: =U69 -> 1 | V70: =EXP(LN(T70)+$C$13+($C$14*(100/R70))+($C$15*LN(R70/100))+($C$16*(R70/100))+(P70*($C$17+($C$18*(R70/100))+($C$19*(R70/100)^2)))) -> 3.7027969 | W70: =(Q70/V70)*100 -> 149.0619
H71: 19 | L71: 400.04 | O71: 3.8092 | P71: 34.4947 | Q71: 5.9620274 | R71: =N2O!R73 -> 276.9592 | S71: =S70 -> 1986.65 | T71: =T70 -> 1.98665e-06 | U71: =U70 -> 1 | V71: =EXP(LN(T71)+$C$13+($C$14*(100/R71))+($C$15*LN(R71/100))+($C$16*(R71/100))+(P71*($C$17+($C$18*(R71/100))+($C$19*(R71/100)^2)))) -> 3.5341619 | W71: =(Q71/V71)*100 -> 168.69707
H72: 22 | L72: 99.92 | O72: 0.4309 | P72: 32.6691 | Q72: 5.6446072 | R72: =N2O!R74 -> 273.5809 | S72: =S71 -> 1986.65 | T72: =T71 -> 1.98665e-06 | U72: =U71 -> 1 | V72: =EXP(LN(T72)+$C$13+($C$14*(100/R72))+($C$15*LN(R72/100))+($C$16*(R72/100))+(P72*($C$17+($C$18*(R72/100))+($C$19*(R72/100)^2)))) -> 3.9452438 | W72: =(Q72/V72)*100 -> 143.07372
H73: 22 | L73: 149.97 | O73: 1.6833 | P73: 33.6546 | Q73: 5.1762399 | R73: =N2O!R75 -> 274.8333 | S73: =S72 -> 1986.65 | T73: =T72 -> 1.98665e-06 | U73: =U72 -> 1 | V73: =EXP(LN(T73)+$C$13+($C$14*(100/R73))+($C$15*LN(R73/100))+($C$16*(R73/100))+(P73*($C$17+($C$18*(R73/100))+($C$19*(R73/100)^2)))) -> 3.7754359 | W73: =(Q73/V73)*100 -> 137.10311
H74: 22 | L74: 219.95 | O74: 2.9493 | P74: 34.175 | Q74: 4.9776143 | R74: =N2O!R76 -> 276.0993 | S74: =S73 -> 1986.65 | T74: =T73 -> 1.98665e-06 | U74: =U73 -> 1 | V74: =EXP(LN(T74)+$C$13+($C$14*(100/R74))+($C$15*LN(R74/100))+($C$16*(R74/100))+(P74*($C$17+($C$18*(R74/100))+($C$19*(R74/100)^2)))) -> 3.6279197 | W74: =(Q74/V74)*100 -> 137.20299
H75: 22 | L75: 220.05 | O75: 2.9508 | P75: 34.1745 | Q75: 6.3321648 | R75: =N2O!R77 -> 276.1008 | S75: =S74 -> 1986.65 | T75: =T74 -> 1.98665e-06 | U75: =U74 -> 1 | V75: =EXP(LN(T75)+$C$13+($C$14*(100/R75))+($C$15*LN(R75/100))+($C$16*(R75/100))+(P75*($C$17+($C$18*(R75/100))+($C$19*(R75/100)^2)))) -> 3.6277795 | W75: =(Q75/V75)*100 -> 174.54657
H76: 22 | L76: 3 | O76: 6.9789 | P76: 28.6554 | Q76: 7.4198202 | R76: =N2O!R78 -> 280.1289 | S76: =S75 -> 1986.65 | T76: =T75 -> 1.98665e-06 | U76: =U75 -> 1 | V76: =EXP(LN(T76)+$C$13+($C$14*(100/R76))+($C$15*LN(R76/100))+($C$16*(R76/100))+(P76*($C$17+($C$18*(R76/100))+($C$19*(R76/100)^2)))) -> 3.3813769 | W76: =(Q76/V76)*100 -> 219.43192
H77: 22 | L77: 29.94 | O77: 2.307 | P77: 31.3552 | Q77: 5.8744063 | R77: =N2O!R79 -> 275.457 | S77: =S76 -> 1986.65 | T77: =T76 -> 1.98665e-06 | U77: =U76 -> 1 | V77: =EXP(LN(T77)+$C$13+($C$14*(100/R77))+($C$15*LN(R77/100))+($C$16*(R77/100))+(P77*($C$17+($C$18*(R77/100))+($C$19*(R77/100)^2)))) -> 3.7693213 | W77: =(Q77/V77)*100 -> 155.84785
H78: 23 | L78: 150.03 | O78: 0.065 | P78: 33.0555 | R78: =N2O!R80 -> 273.215 | S78: =S77 -> 1986.65 | T78: =T77 -> 1.98665e-06 | U78: =U77 -> 1 | V78: =EXP(LN(T78)+$C$13+($C$14*(100/R78))+($C$15*LN(R78/100))+($C$16*(R78/100))+(P78*($C$17+($C$18*(R78/100))+($C$19*(R78/100)^2)))) -> 3.9777928
H79: 23 | L79: 249.97 | O79: 0.1057 | P79: 33.1624 | Q79: 4.8330039 | R79: =N2O!R81 -> 273.2557 | S79: =S78 -> 1986.65 | T79: =T78 -> 1.98665e-06 | U79: =U78 -> 1 | V79: =EXP(LN(T79)+$C$13+($C$14*(100/R79))+($C$15*LN(R79/100))+($C$16*(R79/100))+(P79*($C$17+($C$18*(R79/100))+($C$19*(R79/100)^2)))) -> 3.9698378 | W79: =(Q79/V79)*100 -> 121.74311
H80: 23 | L80: 2.99 | O80: 9.0695 | P80: 23.4126 | Q80: 5.4991248 | R80: =N2O!R82 -> 282.2195 | S80: =S79 -> 1986.65 | T80: =T79 -> 1.98665e-06 | U80: =U79 -> 1 | V80: =EXP(LN(T80)+$C$13+($C$14*(100/R80))+($C$15*LN(R80/100))+($C$16*(R80/100))+(P80*($C$17+($C$18*(R80/100))+($C$19*(R80/100)^2)))) -> 3.3222557 | W80: =(Q80/V80)*100 -> 165.52383
H81: 23 | L81: 349.98 | O81: 0.1305 | P81: 33.183 | Q81: 5.9374048 | R81: =N2O!R83 -> 273.2805 | S81: =S80 -> 1986.65 | T81: =T80 -> 1.98665e-06 | U81: =U80 -> 1 | V81: =EXP(LN(T81)+$C$13+($C$14*(100/R81))+($C$15*LN(R81/100))+($C$16*(R81/100))+(P81*($C$17+($C$18*(R81/100))+($C$19*(R81/100)^2)))) -> 3.9662787 | W81: =(Q81/V81)*100 -> 149.69712
H82: 23 | L82: 39.99 | O82: 1.7413 | P82: 32.1067 | Q82: 5.9829851 | R82: =N2O!R84 -> 274.8913 | S82: =S81 -> 1986.65 | T82: =T81 -> 1.98665e-06 | U82: =U81 -> 1 | V82: =EXP(LN(T82)+$C$13+($C$14*(100/R82))+($C$15*LN(R82/100))+($C$16*(R82/100))+(P82*($C$17+($C$18*(R82/100))+($C$19*(R82/100)^2)))) -> 3.810965 | W82: =(Q82/V82)*100 -> 156.99397
H83: 23 | L83: 6.06 | O83: 6.1154 | P83: 29.5168 | Q83: 6.6739303 | R83: =N2O!R85 -> 279.2654 | S83: =S82 -> 1986.65 | T83: =T82 -> 1.98665e-06 | U83: =U82 -> 1 | V83: =EXP(LN(T83)+$C$13+($C$14*(100/R83))+($C$15*LN(R83/100))+($C$16*(R83/100))+(P83*($C$17+($C$18*(R83/100))+($C$19*(R83/100)^2)))) -> 3.4382117 | W83: =(Q83/V83)*100 -> 194.11051
H84: 23 | L84: 80.02 | O84: 0.7807 | P84: 32.6477 | Q84: 5.7327977 | R84: =N2O!R86 -> 273.9307 | S84: =S83 -> 1986.65 | T84: =T83 -> 1.98665e-06 | U84: =U83 -> 1 | V84: =EXP(LN(T84)+$C$13+($C$14*(100/R84))+($C$15*LN(R84/100))+($C$16*(R84/100))+(P84*($C$17+($C$18*(R84/100))+($C$19*(R84/100)^2)))) -> 3.9048882 | W84: =(Q84/V84)*100 -> 146.8108
H85: 26 | L85: 0.98 | O85: 8.5424 | P85: 16.535 | Q85: 5.9189518 | R85: =N2O!R87 -> 281.6924 | S85: =S84 -> 1986.65 | T85: =T84 -> 1.98665e-06 | U85: =U84 -> 1 | V85: =EXP(LN(T85)+$C$13+($C$14*(100/R85))+($C$15*LN(R85/100))+($C$16*(R85/100))+(P85*($C$17+($C$18*(R85/100))+($C$19*(R85/100)^2)))) -> 3.5272279 | W85: =(Q85/V85)*100 -> 167.80747
H86: 26 | L86: 9.94 | O86: 4.8295 | P86: 30.4463 | Q86: 6.4827179 | R86: =N2O!R88 -> 277.9795 | S86: =S85 -> 1986.65 | T86: =T85 -> 1.98665e-06 | U86: =U85 -> 1 | V86: =EXP(LN(T86)+$C$13+($C$14*(100/R86))+($C$15*LN(R86/100))+($C$16*(R86/100))+(P86*($C$17+($C$18*(R86/100))+($C$19*(R86/100)^2)))) -> 3.5356891 | W86: =(Q86/V86)*100 -> 183.3509
H87: 26 | L87: 100.03 | O87: 0.3786 | P87: 32.8082 | Q87: 5.1007101 | R87: =N2O!R89 -> 273.5286 | S87: =S86 -> 1986.65 | T87: =T86 -> 1.98665e-06 | U87: =U86 -> 1 | V87: =EXP(LN(T87)+$C$13+($C$14*(100/R87))+($C$15*LN(R87/100))+($C$16*(R87/100))+(P87*($C$17+($C$18*(R87/100))+($C$19*(R87/100)^2)))) -> 3.9474704 | W87: =(Q87/V87)*100 -> 129.21465
H88: 26 | L88: 20.05 | O88: 3.2539 | P88: 31.4926 | Q88: 6.8041535 | R88: =N2O!R90 -> 276.4039 | S88: =S87 -> 1986.65 | T88: =T87 -> 1.98665e-06 | U88: =U87 -> 1 | V88: =EXP(LN(T88)+$C$13+($C$14*(100/R88))+($C$15*LN(R88/100))+($C$16*(R88/100))+(P88*($C$17+($C$18*(R88/100))+($C$19*(R88/100)^2)))) -> 3.6657854 | W88: =(Q88/V88)*100 -> 185.61243
H89: 26 | L89: 219.96 | O89: 0.0917 | P89: 33.132 | Q89: 5.1914419 | R89: =N2O!R91 -> 273.2417 | S89: =S88 -> 1986.65 | T89: =T88 -> 1.98665e-06 | U89: =U88 -> 1 | V89: =EXP(LN(T89)+$C$13+($C$14*(100/R89))+($C$15*LN(R89/100))+($C$16*(R89/100))+(P89*($C$17+($C$18*(R89/100))+($C$19*(R89/100)^2)))) -> 3.9723885 | W89: =(Q89/V89)*100 -> 130.68817
H90: 26 | L90: 40.07 | O90: 1.9076 | P90: 32.1685 | Q90: 6.4884022 | R90: =N2O!R92 -> 275.0576 | S90: =S89 -> 1986.65 | T90: =T89 -> 1.98665e-06 | U90: =U89 -> 1 | V90: =EXP(LN(T90)+$C$13+($C$14*(100/R90))+($C$15*LN(R90/100))+($C$16*(R90/100))+(P90*($C$17+($C$18*(R90/100))+($C$19*(R90/100)^2)))) -> 3.7909599 | W90: =(Q90/V90)*100 -> 171.1546
... H93: 29 | L93: 100.04 | O93: 0.315 | P93: 32.8767 | Q93: 5.666457 | R93: =N2O!R95 -> 273.465 | S93: =S92 -> 1986.65 | T93: =T92 -> 1.98665e-06 | U93: =U92 -> 1 | V93: =EXP(LN(T93)+$C$13+($C$14*(100/R93))+($C$15*LN(R93/100))+($C$16*(R93/100))+(P93*($C$17+($C$18*(R93/100))+($C$19*(R93/100)^2)))) -> 3.9530574 | W93: =(Q93/V93)*100 -> 143.34366
H94: 29 | L94: 19.97 | O94: 3.258 | P94: 31.3923 | R94: =N2O!R96 -> 276.408 | S94: =S93 -> 1986.65 | T94: =T93 -> 1.98665e-06 | U94: =U93 -> 1 | V94: =EXP(LN(T94)+$C$13+($C$14*(100/R94))+($C$15*LN(R94/100))+($C$16*(R94/100))+(P94*($C$17+($C$18*(R94/100))+($C$19*(R94/100)^2)))) -> 3.6679573
H95: 29 | L95: 3.01 | O95: 5.359 | P95: 27.6122 | Q95: 6.1948199 | R95: =N2O!R97 -> 278.509 | S95: =S94 -> 1986.65 | T95: =T94 -> 1.98665e-06 | U95: =U94 -> 1 | V95: =EXP(LN(T95)+$C$13+($C$14*(100/R95))+($C$15*LN(R95/100))+($C$16*(R95/100))+(P95*($C$17+($C$18*(R95/100))+($C$19*(R95/100)^2)))) -> 3.5548009 | W95: =(Q95/V95)*100 -> 174.2663
H96: 29 | L96: 40.03 | O96: 2.1972 | P96: 32.0371 | Q96: 6.0361216 | R96: =N2O!R98 -> 275.3472 | S96: =S95 -> 1986.65 | T96: =T95 -> 1.98665e-06 | U96: =U95 -> 1 | V96: =EXP(LN(T96)+$C$13+($C$14*(100/R96))+($C$15*LN(R96/100))+($C$16*(R96/100))+(P96*($C$17+($C$18*(R96/100))+($C$19*(R96/100)^2)))) -> 3.7629455 | W96: =(Q96/V96)*100 -> 160.40949
H97: 29 | L97: 69.97 | O97: 1.0638 | P97: 32.6287 | Q97: 5.3608343 | R97: =N2O!R99 -> 274.2138 | S97: =S96 -> 1986.65 | T97: =T96 -> 1.98665e-06 | U97: =U96 -> 1 | V97: =EXP(LN(T97)+$C$13+($C$14*(100/R97))+($C$15*LN(R97/100))+($C$16*(R97/100))+(P97*($C$17+($C$18*(R97/100))+($C$19*(R97/100)^2)))) -> 3.8728248 | W97: =(Q97/V97)*100 -> 138.42181
H98: 31 | L98: 150.05 | O98: 1.8758 | P98: 33.7285 | R98: =N2O!R100 -> 275.0258 | S98: =S97 -> 1986.65 | T98: =T97 -> 1.98665e-06 | U98: =U97 -> 1 | V98: =EXP(LN(T98)+$C$13+($C$14*(100/R98))+($C$15*LN(R98/100))+($C$16*(R98/100))+(P98*($C$17+($C$18*(R98/100))+($C$19*(R98/100)^2)))) -> 3.7524817
H99: 31 | L99: 2.99 | O99: 0.4293 | P99: 23.7101 | Q99: 7.0362071 | R99: =N2O!R101 -> 273.5793 | S99: =S98 -> 1986.65 | T99: =T98 -> 1.98665e-06 | U99: =U98 -> 1 | V99: =EXP(LN(T99)+$C$13+($C$14*(100/R99))+($C$15*LN(R99/100))+($C$16*(R99/100))+(P99*($C$17+($C$18*(R99/100))+($C$19*(R99/100)^2)))) -> 4.2087986 | W99: =(Q99/V99)*100 -> 167.17852
H100: 31 | L100: 299.96 | O100: 3.7539 | P100: 34.4485 | Q100: 5.0595003 | R100: =N2O!R102 -> 276.9039 | S100: =S99 -> 1986.65 | T100: =T99 -> 1.98665e-06 | U100: =U99 -> 1 | V100: =EXP(LN(T100)+$C$13+($C$14*(100/R100))+($C$15*LN(R100/100))+($C$16*(R100/100))+(P100*($C$17+($C$18*(R100/100))+($C$19*(R100/100)^2)))) -> 3.5407012 | W100: =(Q100/V100)*100 -> 142.89543
H101: 31 | L101: 49.99 | O101: 1.0896 | P101: 32.0655 | Q101: 5.4979328 | R101: =N2O!R103 -> 274.2396 | S101: =S100 -> 1986.65 | T101: =T100 -> 1.98665e-06 | U101: =U100 -> 1 | V101: =EXP(LN(T101)+$C$13+($C$14*(100/R101))+($C$15*LN(R101/100))+($C$16*(R101/100))+(P101*($C$17+($C$18*(R101/100))+($C$19*(R101/100)^2)))) -> 3.8855475 | W101: =(Q101/V101)*100 -> 141.49699
H102: 31 | L102: 5.94 | O102: 0.3966 | P102: 27.002 | Q102: 6.7618728 | R102: =N2O!R104 -> 273.5466 | S102: =S101 -> 1986.65 | T102: =T101 -> 1.98665e-06 | U102: =U101 -> 1 | V102: =EXP(LN(T102)+$C$13+($C$14*(100/R102))+($C$15*LN(R102/100))+($C$16*(R102/100))+(P102*($C$17+($C$18*(R102/100))+($C$19*(R102/100)^2)))) -> 4.1141187 | W102: =(Q102/V102)*100 -> 164.35775
...
